longitude,latitude,ATTR1
-104.0,31.4,
-103.99,31.4,
-103.98,31.4,
-103.97,31.4,
-103.96,31.4,
-103.95,31.4,
-103.94,31.4,
-103.93,31.4,
-103.92,31.4,
-103.91,31.4,
-103.9,31.4,
-103.89,31.4,
-103.88,31.4,
-103.87,31.4,
-103.86,31.4,
-103.85,31.4,
-103.84,31.4,
-103.83,31.4,
-103.82,31.4,
-103.81,31.4,
-103.8,31.4,
-103.79,31.4,
-103.78,31.4,
-103.77,31.4,
-103.76,31.4,
-103.75,31.4,
-103.74,31.4,
-103.73,31.4,
-103.72,31.4,
-103.71,31.4,
-103.7,31.4,
-103.69,31.4,
-103.68,31.4,
-103.67,31.4,
-103.66,31.4,
-103.65,31.4,
-103.64,31.4,
-103.63,31.4,
-103.62,31.4,
-103.61,31.4,
-103.6,31.4,
-103.59,31.4,
-103.58,31.4,
-103.57,31.4,
-103.56,31.4,
-103.55,31.4,
-103.54,31.4,
-103.53,31.4,
-103.52,31.4,
-103.51,31.4,
-103.5,31.4,
-103.49,31.4,
-103.48,31.4,
-103.47,31.4,
-103.46,31.4,
-103.45,31.4,
-103.44,31.4,
-103.43,31.4,
-103.42,31.4,
-103.41,31.4,
-104.0,31.41,
-103.99,31.41,0.989264970601831
-103.98,31.41,0.9903649511380224
-103.97,31.41,0.9915867416103021
-103.96,31.41,0.9929039857216215
-103.95,31.41,0.9942314736141437
-103.94,31.41,0.9955354069493914
-103.93,31.41,0.9967473756876404
-103.92,31.41,0.9977990615649441
-103.91,31.41,0.9986396174023265
-103.9,31.41,0.9992266165024924
-103.89,31.41,0.9996148581392739
-103.88,31.41,0.999828003782306
-103.87,31.41,0.9999253996745816
-103.86,31.41,0.9998425557599642
-103.85,31.41,0.9993804737212441
-103.84,31.41,0.9979861401142616
-103.83,31.41,0.9948257693902847
-103.82,31.41,0.988261358945581
-103.81,31.41,0.9771838813192679
-103.8,31.41,0.960760846269501
-103.79,31.41,0.9382027131432965
-103.78,31.41,0.910341084786962
-103.77,31.41,0.8798519891573431
-103.76,31.41,0.8516881225172322
-103.75,31.41,0.8339243148976173
-103.74,31.41,0.8318129851233624
-103.73,31.41,0.8473911882733588
-103.72,31.41,0.8748438575329817
-103.71,31.41,0.906007517012326
-103.7,31.41,0.9345367029561457
-103.69,31.41,0.9573245134993267
-103.68,31.41,0.9717708164266461
-103.67,31.41,0.9765286899864315
-103.66,31.41,0.9713705602739389
-103.65,31.41,0.9517070928364131
-103.64,31.41,0.9178762788296726
-103.63,31.41,0.8732887120183119
-103.62,31.41,0.827508600582153
-103.61,31.41,0.7988854651708375
-103.6,31.41,0.790621271237088
-103.59,31.41,0.7906356272994997
-103.58,31.41,0.7780620364528456
-103.57,31.41,0.7451540473064826
-103.56,31.41,0.6940470072474282
-103.55,31.41,0.6430559020794038
-103.54,31.41,0.6101681133010602
-103.53,31.41,0.6022505436600588
-103.52,31.41,0.602038018276767
-103.51,31.41,0.5986558221450218
-103.5,31.41,0.5868476852062402
-103.49,31.41,0.5635321847616284
-103.48,31.41,0.5479289389701285
-103.47,31.41,0.5488850729324978
-103.46,31.41,0.5834778598317205
-103.45,31.41,0.6169459989781327
-103.44,31.41,0.643658402704023
-103.43,31.41,0.647674926608943
-103.42,31.41,0.6365306698197428
-103.41,31.41,0.613991698583092
-104.0,31.419999999999998,
-103.99,31.419999999999998,0.9878444161760365
-103.98,31.419999999999998,0.9888027695160031
-103.97,31.419999999999998,0.989962645139931
-103.96,31.419999999999998,0.991282049856058
-103.95,31.419999999999998,0.9925936464753868
-103.94,31.419999999999998,0.9940207446928351
-103.93,31.419999999999998,0.9954185018743136
-103.92,31.419999999999998,0.9965704550075125
-103.91,31.419999999999998,0.9976172252581301
-103.9,31.419999999999998,0.9984945350971929
-103.89,31.419999999999998,0.9990220216499572
-103.88,31.419999999999998,0.9994499331934363
-103.87,31.419999999999998,0.9997213128752196
-103.86,31.419999999999998,0.9997555305484456
-103.85,31.419999999999998,0.999507392392652
-103.84,31.419999999999998,0.9984079928308319
-103.83,31.419999999999998,0.9953684891627674
-103.82,31.419999999999998,0.9893636771194911
-103.81,31.419999999999998,0.9782865234200637
-103.8,31.419999999999998,0.9609600509069018
-103.79,31.419999999999998,0.9368096200670928
-103.78,31.419999999999998,0.905831258644237
-103.77,31.419999999999998,0.8709914138317816
-103.76,31.419999999999998,0.8368626182107517
-103.75,31.419999999999998,0.8127020776729789
-103.74,31.419999999999998,0.8084311866445488
-103.73,31.419999999999998,0.8266628781917343
-103.72,31.419999999999998,0.8599810021491712
-103.71,31.419999999999998,0.8978786226786533
-103.7,31.419999999999998,0.9316777717092027
-103.69,31.419999999999998,0.9580089081747124
-103.68,31.419999999999998,0.9744811990657392
-103.67,31.419999999999998,0.9810435136433384
-103.66,31.419999999999998,0.9778369947789256
-103.65,31.419999999999998,0.9642899360957404
-103.64,31.419999999999998,0.9414212302268405
-103.63,31.419999999999998,0.9136820719781744
-103.62,31.419999999999998,0.88883168922586
-103.61,31.419999999999998,0.8757515632652426
-103.6,31.419999999999998,0.8724496575062723
-103.59,31.419999999999998,0.8664823695457634
-103.58,31.419999999999998,0.8399857384477726
-103.57,31.419999999999998,0.7896981335481641
-103.56,31.419999999999998,0.7252589781884812
-103.55,31.419999999999998,0.6643454387823602
-103.54,31.419999999999998,0.6354509188512416
-103.53,31.419999999999998,0.635256145245858
-103.52,31.419999999999998,0.6437511860171601
-103.51,31.419999999999998,0.6449041648059004
-103.5,31.419999999999998,0.6332709891801233
-103.49,31.419999999999998,0.6168888446550991
-103.48,31.419999999999998,0.6070100650289495
-103.47,31.419999999999998,0.6105286383330881
-103.46,31.419999999999998,0.6268907042451003
-103.45,31.419999999999998,0.6441763651869308
-103.44,31.419999999999998,0.6486122242640109
-103.43,31.419999999999998,0.6454302618160178
-103.42,31.419999999999998,0.6294448951027041
-103.41,31.419999999999998,0.6109013710467006
-104.0,31.43,
-103.99,31.43,0.9856676513534774
-103.98,31.43,0.9864703680674706
-103.97,31.43,0.9875281654203818
-103.96,31.43,0.9887502271500457
-103.95,31.43,0.9901441674607219
-103.94,31.43,0.9916203781661148
-103.93,31.43,0.9930505781795482
-103.92,31.43,0.9945201236740712
-103.91,31.43,0.9957681162806121
-103.9,31.43,0.996893136576954
-103.89,31.43,0.9978098553309349
-103.88,31.43,0.9985097841533108
-103.87,31.43,0.9990507163648421
-103.86,31.43,0.9994081659445531
-103.85,31.43,0.9994469327755904
-103.84,31.43,0.9987453175120926
-103.83,31.43,0.9963342068715494
-103.82,31.43,0.9907071689564476
-103.81,31.43,0.979334005092013
-103.8,31.43,0.9622127144489658
-103.79,31.43,0.9367537087280784
-103.78,31.43,0.9023017741640261
-103.77,31.43,0.863913880587778
-103.76,31.43,0.8245978529042601
-103.75,31.43,0.7952504174783697
-103.74,31.43,0.7873221156239596
-103.73,31.43,0.8088362069366773
-103.72,31.43,0.845088054964705
-103.71,31.43,0.8892466032815514
-103.7,31.43,0.9262641494387442
-103.69,31.43,0.9552783133151044
-103.68,31.43,0.9714645152087038
-103.67,31.43,0.9780993976626522
-103.66,31.43,0.9772308427072376
-103.65,31.43,0.968744539185634
-103.64,31.43,0.9566836245882655
-103.63,31.43,0.9397543281280262
-103.62,31.43,0.9275910434933229
-103.61,31.43,0.921429526357393
-103.6,31.43,0.9130430009769369
-103.59,31.43,0.9002883258540135
-103.58,31.43,0.8641392403050355
-103.57,31.43,0.8056250943307827
-103.56,31.43,0.7390860742697657
-103.55,31.43,0.6890651683490872
-103.54,31.43,0.6745239133489427
-103.53,31.43,0.6863027709179929
-103.52,31.43,0.6999500631041626
-103.51,31.43,0.7048124769141022
-103.5,31.43,0.7032998500251993
-103.49,31.43,0.699637096541367
-103.48,31.43,0.7044642501951728
-103.47,31.43,0.7118818188381072
-103.46,31.43,0.713506010230234
-103.45,31.43,0.7053957950310721
-103.44,31.43,0.6876741987014154
-103.43,31.43,0.6674986045436662
-103.42,31.43,0.6433659659165571
-103.41,31.43,0.6233460619231385
-104.0,31.439999999999998,
-103.99,31.439999999999998,0.9826452536074893
-103.98,31.439999999999998,0.9832332087557522
-103.97,31.439999999999998,0.9840828423775647
-103.96,31.439999999999998,0.9851823845672157
-103.95,31.439999999999998,0.9865150841992101
-103.94,31.439999999999998,0.9879875552557741
-103.93,31.439999999999998,0.9895551506086345
-103.92,31.439999999999998,0.9911535551409764
-103.91,31.439999999999998,0.9926566037146269
-103.9,31.439999999999998,0.9940573018252264
-103.89,31.439999999999998,0.9953304431061758
-103.88,31.439999999999998,0.9964520844493194
-103.87,31.439999999999998,0.9974087137360091
-103.86,31.439999999999998,0.9982003943634881
-103.85,31.439999999999998,0.9987645589681211
-103.84,31.439999999999998,0.9986705039590312
-103.83,31.439999999999998,0.9968607874385436
-103.82,31.439999999999998,0.9915314081420873
-103.81,31.439999999999998,0.9810393350338011
-103.8,31.439999999999998,0.9633731459340895
-103.79,31.439999999999998,0.9371206048554259
-103.78,31.439999999999998,0.901878476823415
-103.77,31.439999999999998,0.859910129732326
-103.76,31.439999999999998,0.8161504366032334
-103.75,31.439999999999998,0.7822714508272034
-103.74,31.439999999999998,0.7730292385150006
-103.73,31.439999999999998,0.7938335873887938
-103.72,31.439999999999998,0.8357733308454867
-103.71,31.439999999999998,0.8828988765216869
-103.7,31.439999999999998,0.9239585754183788
-103.69,31.439999999999998,0.9533739404233352
-103.68,31.439999999999998,0.9702942084894453
-103.67,31.439999999999998,0.97666119057826
-103.66,31.439999999999998,0.9765913129142896
-103.65,31.439999999999998,0.9729405591323642
-103.64,31.439999999999998,0.9664287417689352
-103.63,31.439999999999998,0.9566501043690164
-103.62,31.439999999999998,0.946105359033699
-103.61,31.439999999999998,0.93486416976703
-103.6,31.439999999999998,0.9221874344293384
-103.59,31.439999999999998,0.899427708299467
-103.58,31.439999999999998,0.8601605483013022
-103.57,31.439999999999998,0.8063020821232733
-103.56,31.439999999999998,0.7559147705124454
-103.55,31.439999999999998,0.7274281515742884
-103.54,31.439999999999998,0.7294230512034763
-103.53,31.439999999999998,0.7438451988879304
-103.52,31.439999999999998,0.7581646528211418
-103.51,31.439999999999998,0.7649083721672291
-103.5,31.439999999999998,0.770194062099604
-103.49,31.439999999999998,0.7797463475393425
-103.48,31.439999999999998,0.7918144640554006
-103.47,31.439999999999998,0.8020817620506564
-103.46,31.439999999999998,0.7992954556515184
-103.45,31.439999999999998,0.7833733767342639
-103.44,31.439999999999998,0.7555311387814728
-103.43,31.439999999999998,0.7233587463801885
-103.42,31.439999999999998,0.6932782740194512
-103.41,31.439999999999998,0.6712802165279806
-104.0,31.45,
-103.99,31.45,0.9786637892267414
-103.98,31.45,0.97890668702806
-103.97,31.45,0.9794821032648259
-103.96,31.45,0.980195688043368
-103.95,31.45,0.9815341791693812
-103.94,31.45,0.9829128254099287
-103.93,31.45,0.9843608881473807
-103.92,31.45,0.9860803192248055
-103.91,31.45,0.9876933937848258
-103.9,31.45,0.9893408989468284
-103.89,31.45,0.9909722383845969
-103.88,31.45,0.9922845555087322
-103.87,31.45,0.9937625660822121
-103.86,31.45,0.9953180786964354
-103.85,31.45,0.9963909742085911
-103.84,31.45,0.9969712812602255
-103.83,31.45,0.9960891205462934
-103.82,31.45,0.9912337665428258
-103.81,31.45,0.9811660635792036
-103.8,31.45,0.9636828800180927
-103.79,31.45,0.9367615469988835
-103.78,31.45,0.9022221450553545
-103.77,31.45,0.8600651276914751
-103.76,31.45,0.8164036608395899
-103.75,31.45,0.7823935223488521
-103.74,31.45,0.772656390683495
-103.73,31.45,0.7936480432879343
-103.72,31.45,0.8359026349938661
-103.71,31.45,0.8838524205779787
-103.7,31.45,0.925789459904954
-103.69,31.45,0.9546390323908793
-103.68,31.45,0.9700251547228702
-103.67,31.45,0.9743625028834138
-103.66,31.45,0.9728185447258144
-103.65,31.45,0.9690118624895051
-103.64,31.45,0.964423331073083
-103.63,31.45,0.9568794418553168
-103.62,31.45,0.9446206490291974
-103.61,31.45,0.9276236151540173
-103.6,31.45,0.9066853781328276
-103.59,31.45,0.8804372817922897
-103.58,31.45,0.8466764156001529
-103.57,31.45,0.8111904247132623
-103.56,31.45,0.7826511148340128
-103.55,31.45,0.7729667025647274
-103.54,31.45,0.77735764985626
-103.53,31.45,0.7879198202847152
-103.52,31.45,0.7990436398175944
-103.51,31.45,0.8073381621701878
-103.5,31.45,0.8162645715595138
-103.49,31.45,0.8310843906689676
-103.48,31.45,0.848594466885355
-103.47,31.45,0.8616515710713594
-103.46,31.45,0.8611492889782936
-103.45,31.45,0.8463513330153196
-103.44,31.45,0.8205769422451147
-103.43,31.45,0.7883596507317914
-103.42,31.45,0.7593176497110153
-103.41,31.45,0.738367637838738
-104.0,31.459999999999997,
-103.99,31.459999999999997,0.9738566272102913
-103.98,31.459999999999997,0.9735605004601258
-103.97,31.459999999999997,0.9736974687046343
-103.96,31.459999999999997,0.9741826331515021
-103.95,31.459999999999997,0.9750843022813581
-103.94,31.459999999999997,0.9762025737715924
-103.93,31.459999999999997,0.9776206441484828
-103.92,31.459999999999997,0.9791571491232733
-103.91,31.459999999999997,0.9807844057275927
-103.9,31.459999999999997,0.982480023198259
-103.89,31.459999999999997,0.9840184530725198
-103.88,31.459999999999997,0.9858030803481328
-103.87,31.459999999999997,0.9874998689196959
-103.86,31.459999999999997,0.9893283202208706
-103.85,31.459999999999997,0.991227804158276
-103.84,31.459999999999997,0.9922302568168135
-103.83,31.459999999999997,0.9918561050827576
-103.82,31.459999999999997,0.9872111838391254
-103.81,31.459999999999997,0.977648438540114
-103.8,31.459999999999997,0.9604958083689139
-103.79,31.459999999999997,0.9352417626196562
-103.78,31.459999999999997,0.9024523832065445
-103.77,31.459999999999997,0.8638792913015199
-103.76,31.459999999999997,0.8247517674182587
-103.75,31.459999999999997,0.7948372280299916
-103.74,31.459999999999997,0.7894730944479609
-103.73,31.459999999999997,0.8052587813102182
-103.72,31.459999999999997,0.845525568891528
-103.71,31.459999999999997,0.8890757912382246
-103.7,31.459999999999997,0.9296411264422606
-103.69,31.459999999999997,0.9545889458037051
-103.68,31.459999999999997,0.9672751823481569
-103.67,31.459999999999997,0.9669488215990427
-103.66,31.459999999999997,0.9591498571591734
-103.65,31.459999999999997,0.9518339397556774
-103.64,31.459999999999997,0.9460547284811571
-103.63,31.459999999999997,0.9419221766338528
-103.62,31.459999999999997,0.9334122607996616
-103.61,31.459999999999997,0.9189981260207502
-103.6,31.459999999999997,0.8986288344405565
-103.59,31.459999999999997,0.8769640032904971
-103.58,31.459999999999997,0.8508987989611984
-103.57,31.459999999999997,0.8285358403215105
-103.56,31.459999999999997,0.80760911994251
-103.55,31.459999999999997,0.8001994969317485
-103.54,31.459999999999997,0.7968036065191136
-103.53,31.459999999999997,0.8020111169127051
-103.52,31.459999999999997,0.8109730792589193
-103.51,31.459999999999997,0.8211985537342451
-103.5,31.459999999999997,0.8340929353628934
-103.49,31.459999999999997,0.8521887032904294
-103.48,31.459999999999997,0.8708061238229639
-103.47,31.459999999999997,0.8848607753568584
-103.46,31.459999999999997,0.8894454732020147
-103.45,31.459999999999997,0.8771502295883149
-103.44,31.459999999999997,0.8574177799744578
-103.43,31.459999999999997,0.8345468945649017
-103.42,31.459999999999997,0.8137958718561893
-103.41,31.459999999999997,0.8028085767871003
-104.0,31.47,
-103.99,31.47,0.9680123190199549
-103.98,31.47,0.967123336643691
-103.97,31.47,0.9666876484260993
-103.96,31.47,0.9666533146001639
-103.95,31.47,0.9670531321174193
-103.94,31.47,0.9678202691165905
-103.93,31.47,0.9688655470069156
-103.92,31.47,0.9700883655501311
-103.91,31.47,0.9713989533868308
-103.9,31.47,0.9727500173445616
-103.89,31.47,0.9741529924234
-103.88,31.47,0.9757684952358565
-103.87,31.47,0.9774094438779449
-103.86,31.47,0.9792825713142177
-103.85,31.47,0.9812739159014775
-103.84,31.47,0.9824963195660191
-103.83,31.47,0.9821211752372982
-103.82,31.47,0.9779301385298997
-103.81,31.47,0.9688097710285088
-103.8,31.47,0.9532603580458598
-103.79,31.47,0.9308862033540087
-103.78,31.47,0.9019637274694328
-103.77,31.47,0.8688730341681593
-103.76,31.47,0.836549471370051
-103.75,31.47,0.8133156050625732
-103.74,31.47,0.8087192362573538
-103.73,31.47,0.8254454225813685
-103.72,31.47,0.8586455522598293
-103.71,31.47,0.8983571449299306
-103.7,31.47,0.9331174340314706
-103.69,31.47,0.9554567289000673
-103.68,31.47,0.9627731638140137
-103.67,31.47,0.9564060847048734
-103.66,31.47,0.9427767717486499
-103.65,31.47,0.9295675522823186
-103.64,31.47,0.9231271960118819
-103.63,31.47,0.9226198906307769
-103.62,31.47,0.9223957994835427
-103.61,31.47,0.9174060626763166
-103.6,31.47,0.9053264432627671
-103.59,31.47,0.8869772308417272
-103.58,31.47,0.8646488956544904
-103.57,31.47,0.8402606355763538
-103.56,31.47,0.8166367782471069
-103.55,31.47,0.7988037629038335
-103.54,31.47,0.788197479470923
-103.53,31.47,0.7893666386469236
-103.52,31.47,0.799351198022188
-103.51,31.47,0.8160159274239118
-103.5,31.47,0.8348167344802162
-103.49,31.47,0.8558211196527862
-103.48,31.47,0.8750736959508529
-103.47,31.47,0.8876980359611216
-103.46,31.47,0.8910595093663403
-103.45,31.47,0.8829998547068258
-103.44,31.47,0.8691864515290075
-103.43,31.47,0.8550740501706431
-103.42,31.47,0.8493346212696653
-103.41,31.47,0.846952880936646
-104.0,31.479999999999997,
-103.99,31.479999999999997,0.9613307754778837
-103.98,31.479999999999997,0.9596278801936077
-103.97,31.479999999999997,0.9584283337576827
-103.96,31.479999999999997,0.9577437032800551
-103.95,31.479999999999997,0.9573297734866009
-103.94,31.479999999999997,0.9576591817616166
-103.93,31.479999999999997,0.9580611296290377
-103.92,31.479999999999997,0.9585517825812591
-103.91,31.479999999999997,0.9593944304977966
-103.9,31.479999999999997,0.9599065279283121
-103.89,31.479999999999997,0.9608239541099174
-103.88,31.479999999999997,0.961735720709528
-103.87,31.479999999999997,0.9624035198192803
-103.86,31.479999999999997,0.9640185924499532
-103.85,31.479999999999997,0.9655628284964631
-103.84,31.479999999999997,0.9662186648166939
-103.83,31.479999999999997,0.9655231809838072
-103.82,31.479999999999997,0.9621554391962402
-103.81,31.479999999999997,0.9539292960906539
-103.8,31.479999999999997,0.9418484728337424
-103.79,31.479999999999997,0.9238680803583208
-103.78,31.479999999999997,0.9006725139042839
-103.77,31.479999999999997,0.8755824631954175
-103.76,31.479999999999997,0.850805259611223
-103.75,31.479999999999997,0.8340242468798089
-103.74,31.479999999999997,0.8315792946389777
-103.73,31.479999999999997,0.8467671141640678
-103.72,31.479999999999997,0.8743509499221153
-103.71,31.479999999999997,0.9069093187860303
-103.7,31.479999999999997,0.9354899250163203
-103.69,31.479999999999997,0.9538254697588715
-103.68,31.479999999999997,0.9588616675873314
-103.67,31.479999999999997,0.9509951456806424
-103.66,31.479999999999997,0.9362934328600819
-103.65,31.479999999999997,0.9215611797182188
-103.64,31.479999999999997,0.9128617586283034
-103.63,31.479999999999997,0.912771790617429
-103.62,31.479999999999997,0.9166893832452837
-103.61,31.479999999999997,0.9180161752451422
-103.6,31.479999999999997,0.911587456145333
-103.59,31.479999999999997,0.8929298439097388
-103.58,31.479999999999997,0.8653017097192011
-103.57,31.479999999999997,0.8331284358179445
-103.56,31.479999999999997,0.8023772703539859
-103.55,31.479999999999997,0.7789237684477264
-103.54,31.479999999999997,0.7659810891171218
-103.53,31.479999999999997,0.767477390103824
-103.52,31.479999999999997,0.7830046434028056
-103.51,31.479999999999997,0.8088417766740454
-103.5,31.479999999999997,0.8375967398447488
-103.49,31.479999999999997,0.8619770655522334
-103.48,31.479999999999997,0.8781681614179327
-103.47,31.479999999999997,0.8859861645746147
-103.46,31.479999999999997,0.8829881003385958
-103.45,31.479999999999997,0.8735303303720611
-103.44,31.479999999999997,0.8619066948915214
-103.43,31.479999999999997,0.8551670436251074
-103.42,31.479999999999997,0.857181667044526
-103.41,31.479999999999997,0.8623523172747523
-104.0,31.49,
-103.99,31.49,0.9540021518921139
-103.98,31.49,0.9514017093026204
-103.97,31.49,0.9492206751729747
-103.96,31.49,0.9476694175852893
-103.95,31.49,0.9465818409181467
-103.94,31.49,0.9459073857696784
-103.93,31.49,0.945485870408435
-103.92,31.49,0.9452131161253821
-103.91,31.49,0.9449396531028909
-103.9,31.49,0.944478101227413
-103.89,31.49,0.9441102632525984
-103.88,31.49,0.9435666120711605
-103.87,31.49,0.9434521254312789
-103.86,31.49,0.9435007882543014
-103.85,31.49,0.943712035208048
-103.84,31.49,0.9438276874886784
-103.83,31.49,0.9425331037721922
-103.82,31.49,0.9400612538353376
-103.81,31.49,0.9354005916429322
-103.8,31.49,0.9278393721444064
-103.79,31.49,0.9166740591049701
-103.78,31.49,0.9017922201841944
-103.77,31.49,0.8829177552265444
-103.76,31.49,0.8659613262358214
-103.75,31.49,0.8533892689428604
-103.74,31.49,0.8533842902968041
-103.73,31.49,0.867208302683017
-103.72,31.49,0.8894752993182661
-103.71,31.49,0.9162682007711633
-103.7,31.49,0.9389203040724042
-103.69,31.49,0.9556093793311418
-103.68,31.49,0.9608913652860513
-103.67,31.49,0.9572669077699033
-103.66,31.49,0.9476887446517767
-103.65,31.49,0.9358809171665827
-103.64,31.49,0.9245591459707955
-103.63,31.49,0.9188458198986063
-103.62,31.49,0.9136511476058624
-103.61,31.49,0.9103982566753641
-103.6,31.49,0.8971950146941154
-103.59,31.49,0.8774852935602129
-103.58,31.49,0.845626097572681
-103.57,31.49,0.8143261480732402
-103.56,31.49,0.7857699070980572
-103.55,31.49,0.7735729830785023
-103.54,31.49,0.7637333667563146
-103.53,31.49,0.7702246176333082
-103.52,31.49,0.7936084294707605
-103.51,31.49,0.8249715699170257
-103.5,31.49,0.8615288319092027
-103.49,31.49,0.8849807853904784
-103.48,31.49,0.896298246441974
-103.47,31.49,0.893280444475963
-103.46,31.49,0.8809375785577245
-103.45,31.49,0.8624280025528841
-103.44,31.49,0.8487061051786544
-103.43,31.49,0.8406527149820489
-103.42,31.49,0.8436250068897592
-103.41,31.49,0.8504099224500541
-104.0,31.5,
-103.99,31.5,0.9462252598703891
-103.98,31.5,0.9424792836487493
-103.97,31.5,0.9393033361162054
-103.96,31.5,0.936701614709602
-103.95,31.5,0.9345985257421341
-103.94,31.5,0.9329336868829152
-103.93,31.5,0.9314978642563564
-103.92,31.5,0.930096003650017
-103.91,31.5,0.9284567868075603
-103.9,31.5,0.9265024275616597
-103.89,31.5,0.9242809081625771
-103.88,31.5,0.9220085526312773
-103.87,31.5,0.9199784034174454
-103.86,31.5,0.9180730718052307
-103.85,31.5,0.91655869151069
-103.84,31.5,0.9150842983835299
-103.83,31.5,0.9134144828445576
-103.82,31.5,0.9124200273148949
-103.81,31.5,0.9122957170889359
-103.8,31.5,0.912077501924836
-103.79,31.5,0.9093331490600974
-103.78,31.5,0.9025575076296454
-103.77,31.5,0.8910132960172605
-103.76,31.5,0.8780447732283436
-103.75,31.5,0.8689638486030937
-103.74,31.5,0.8706244260058019
-103.73,31.5,0.8834760022291132
-103.72,31.5,0.9038265006159628
-103.71,31.5,0.9262547050420189
-103.7,31.5,0.9463553176560968
-103.69,31.5,0.9609611886176682
-103.68,31.5,0.9687034619033144
-103.67,31.5,0.9702177626850608
-103.66,31.5,0.9658185635809009
-103.65,31.5,0.957094168966927
-103.64,31.5,0.9440272435511516
-103.63,31.5,0.9282304826795227
-103.62,31.5,0.9109333027807011
-103.61,31.5,0.893526413079984
-103.6,31.5,0.8739293338726181
-103.59,31.5,0.8497904562403427
-103.58,31.5,0.823750476897485
-103.57,31.5,0.80283260997904
-103.56,31.5,0.7912205340716861
-103.55,31.5,0.7908306085950516
-103.54,31.5,0.7943328001109974
-103.53,31.5,0.8073083661343066
-103.52,31.5,0.8314747620362238
-103.51,31.5,0.8659752469939022
-103.5,31.5,0.8985074359239276
-103.49,31.5,0.9182071717426004
-103.48,31.5,0.9198299131802385
-103.47,31.5,0.906163892100454
-103.46,31.5,0.8822326778181462
-103.45,31.5,0.8563685133817984
-103.44,31.5,0.8333449495492942
-103.43,31.5,0.8200305947561676
-103.42,31.5,0.8195310472660631
-103.41,31.5,0.8263377800625042
-104.0,31.509999999999998,
-103.99,31.509999999999998,0.9383867201709399
-103.98,31.509999999999998,0.9334130772478582
-103.97,31.509999999999998,0.92894379027756
-103.96,31.509999999999998,0.9252301213145678
-103.95,31.509999999999998,0.9219958329147737
-103.94,31.509999999999998,0.9192646146682669
-103.93,31.509999999999998,0.9166584116900658
-103.92,31.509999999999998,0.9139527818266032
-103.91,31.509999999999998,0.9108585768664914
-103.9,31.509999999999998,0.9070685933401851
-103.89,31.509999999999998,0.902470876614317
-103.88,31.509999999999998,0.8979574720219258
-103.87,31.509999999999998,0.8929466133978895
-103.86,31.509999999999998,0.8884816043472588
-103.85,31.509999999999998,0.8848428424989074
-103.84,31.509999999999998,0.8812042125257814
-103.83,31.509999999999998,0.878991044050649
-103.82,31.509999999999998,0.8793773854412318
-103.81,31.509999999999998,0.8854994478593802
-103.8,31.509999999999998,0.8936310813353944
-103.79,31.509999999999998,0.9026848009134385
-103.78,31.509999999999998,0.903753462157608
-103.77,31.509999999999998,0.8972095584067383
-103.76,31.509999999999998,0.8863303581869959
-103.75,31.509999999999998,0.8783992485391975
-103.74,31.509999999999998,0.8797678704672608
-103.73,31.509999999999998,0.8934701135374024
-103.72,31.509999999999998,0.91304893045583
-103.71,31.509999999999998,0.9338295154031375
-103.7,31.509999999999998,0.9522347565608109
-103.69,31.509999999999998,0.966186878011356
-103.68,31.509999999999998,0.9760153597594248
-103.67,31.509999999999998,0.9811238756588543
-103.66,31.509999999999998,0.9795359165372278
-103.65,31.509999999999998,0.9703879579775154
-103.64,31.509999999999998,0.9519038024917366
-103.63,31.509999999999998,0.9254763394370891
-103.62,31.509999999999998,0.8973603130962697
-103.61,31.509999999999998,0.8721432821597931
-103.6,31.509999999999998,0.8543125579158166
-103.59,31.509999999999998,0.8399336195778988
-103.58,31.509999999999998,0.8291182201477163
-103.57,31.509999999999998,0.8229084353744185
-103.56,31.509999999999998,0.8240775838017584
-103.55,31.509999999999998,0.8318764153840699
-103.54,31.509999999999998,0.8422449147121285
-103.53,31.509999999999998,0.8578304825645523
-103.52,31.509999999999998,0.8804040761989586
-103.51,31.509999999999998,0.9075435731461694
-103.5,31.509999999999998,0.9310768830829795
-103.49,31.509999999999998,0.9401091629984244
-103.48,31.509999999999998,0.9331082480091567
-103.47,31.509999999999998,0.91265609085648
-103.46,31.509999999999998,0.8847092935203698
-103.45,31.509999999999998,0.855508225249684
-103.44,31.509999999999998,0.827465233281262
-103.43,31.509999999999998,0.8065025273369657
-103.42,31.509999999999998,0.8000699649795482
-103.41,31.509999999999998,0.8060750729013384
-104.0,31.52,
-103.99,31.52,0.9308600044149672
-103.98,31.52,0.9245850598422458
-103.97,31.52,0.9188308558643011
-103.96,31.52,0.9138034037585983
-103.95,31.52,0.9094486468914623
-103.94,31.52,0.9055352710471956
-103.93,31.52,0.9018973849954391
-103.92,31.52,0.8980146661746864
-103.91,31.52,0.8934283135683685
-103.9,31.52,0.8878370090442861
-103.89,31.52,0.8810075926993444
-103.88,31.52,0.8729268719975006
-103.87,31.52,0.8645587553593925
-103.86,31.52,0.856996156606241
-103.85,31.52,0.8502330592830296
-103.84,31.52,0.8445023974577777
-103.83,31.52,0.8408398513569717
-103.82,31.52,0.8431709618679892
-103.81,31.52,0.8555113239863965
-103.8,31.52,0.8758834410958379
-103.79,31.52,0.8940257146803388
-103.78,31.52,0.9022860294677446
-103.77,31.52,0.8975654568443592
-103.76,31.52,0.8863665470517966
-103.75,31.52,0.8767279637054686
-103.74,31.52,0.8780820127515641
-103.73,31.52,0.892026046597983
-103.72,31.52,0.912992433178769
-103.71,31.52,0.9335188212563873
-103.7,31.52,0.9481240406777374
-103.69,31.52,0.9622647798755737
-103.68,31.52,0.9723374373797259
-103.67,31.52,0.9791083402999786
-103.66,31.52,0.9813001398075687
-103.65,31.52,0.9683818543832658
-103.64,31.52,0.9450250944975265
-103.63,31.52,0.9121284954996982
-103.62,31.52,0.882217645803313
-103.61,31.52,0.8634733523183888
-103.6,31.52,0.8632517011960853
-103.59,31.52,0.8669098330242891
-103.58,31.52,0.8682534883162509
-103.57,31.52,0.8692170510317963
-103.56,31.52,0.869704986238313
-103.55,31.52,0.8751346462571485
-103.54,31.52,0.8839092927971302
-103.53,31.52,0.8998643157023254
-103.52,31.52,0.9146048800889923
-103.51,31.52,0.9319125306651094
-103.5,31.52,0.9447736530256405
-103.49,31.52,0.9394956425946691
-103.48,31.52,0.927545631703375
-103.47,31.52,0.9058545689778281
-103.46,31.52,0.8811058112559715
-103.45,31.52,0.8578438339210591
-103.44,31.52,0.8330961673440928
-103.43,31.52,0.8099042655120481
-103.42,31.52,0.798544410249346
-103.41,31.52,0.8045124740249805
-104.0,31.529999999999998,
-103.99,31.529999999999998,0.9240047167219021
-103.98,31.529999999999998,0.9162931288672762
-103.97,31.529999999999998,0.9091885015751401
-103.96,31.529999999999998,0.9028575458174618
-103.95,31.529999999999998,0.8974205703718423
-103.94,31.529999999999998,0.8927001888698577
-103.93,31.529999999999998,0.888421062781656
-103.92,31.529999999999998,0.8838283755520334
-103.91,31.529999999999998,0.8784287455957527
-103.9,31.529999999999998,0.8714382964480518
-103.89,31.529999999999998,0.8621431985525522
-103.88,31.529999999999998,0.850398314481082
-103.87,31.529999999999998,0.8380665526590267
-103.86,31.529999999999998,0.8264389741070365
-103.85,31.529999999999998,0.8164987346810213
-103.84,31.529999999999998,0.8085028653332984
-103.83,31.529999999999998,0.8035042836552507
-103.82,31.529999999999998,0.8070481338004212
-103.81,31.529999999999998,0.8246340719425252
-103.8,31.529999999999998,0.8522211630567451
-103.79,31.529999999999998,0.8779894894584264
-103.78,31.529999999999998,0.8904630535695223
-103.77,31.529999999999998,0.8868025848950208
-103.76,31.529999999999998,0.8730261789161508
-103.75,31.529999999999998,0.861103932993736
-103.74,31.529999999999998,0.8625760104438935
-103.73,31.529999999999998,0.8782865114792642
-103.72,31.529999999999998,0.9001320571526101
-103.71,31.529999999999998,0.9190185040114278
-103.7,31.529999999999998,0.932044901179161
-103.69,31.529999999999998,0.9422675494011099
-103.68,31.529999999999998,0.9524924438269826
-103.67,31.529999999999998,0.9623538539603872
-103.66,31.529999999999998,0.9664212271755797
-103.65,31.529999999999998,0.9576922299233822
-103.64,31.529999999999998,0.9340991448680824
-103.63,31.529999999999998,0.8996524777512014
-103.62,31.529999999999998,0.8744570783516397
-103.61,31.529999999999998,0.8720778578074843
-103.6,31.529999999999998,0.8884940803477781
-103.59,31.529999999999998,0.9072911143120385
-103.58,31.529999999999998,0.9169440731039888
-103.57,31.529999999999998,0.9175898358002349
-103.56,31.529999999999998,0.9144217650614332
-103.55,31.529999999999998,0.9147880041297387
-103.54,31.529999999999998,0.9188038932920497
-103.53,31.529999999999998,0.9271895457645349
-103.52,31.529999999999998,0.9347346951391329
-103.51,31.529999999999998,0.9391179152314808
-103.5,31.529999999999998,0.9358700335799299
-103.49,31.529999999999998,0.9240535678992845
-103.48,31.529999999999998,0.9054898775556713
-103.47,31.529999999999998,0.8888542848353744
-103.46,31.529999999999998,0.8755383145494169
-103.45,31.529999999999998,0.8658660142626001
-103.44,31.529999999999998,0.8480969897739733
-103.43,31.529999999999998,0.8270677380407705
-103.42,31.529999999999998,0.8148670943009244
-103.41,31.529999999999998,0.8157311293207095
-104.0,31.54,
-103.99,31.54,0.917906402401848
-103.98,31.54,0.9089484792004
-103.97,31.54,0.9002290448592024
-103.96,31.54,0.8926941840937455
-103.95,31.54,0.886604920238994
-103.94,31.54,0.8815438180219932
-103.93,31.54,0.8772425746792499
-103.92,31.54,0.8732731952762716
-103.91,31.54,0.8679352472901093
-103.9,31.54,0.8613619184359754
-103.89,31.54,0.849505621711844
-103.88,31.54,0.8347606346341281
-103.87,31.54,0.8179753086470982
-103.86,31.54,0.8010261116722508
-103.85,31.54,0.7889870245823632
-103.84,31.54,0.7808281784568791
-103.83,31.54,0.7743939670579448
-103.82,31.54,0.7798457272600978
-103.81,31.54,0.7985730750654642
-103.8,31.54,0.8273044186074215
-103.79,31.54,0.8531939587495945
-103.78,31.54,0.8663607451723028
-103.77,31.54,0.8608999303258595
-103.76,31.54,0.8448994206475003
-103.75,31.54,0.830833931942001
-103.74,31.54,0.8304466270870532
-103.73,31.54,0.8481508383625485
-103.72,31.54,0.8701918394300516
-103.71,31.54,0.885461380348517
-103.7,31.54,0.8945499762111206
-103.69,31.54,0.8992223092262979
-103.68,31.54,0.9081764843410671
-103.67,31.54,0.9213739143361174
-103.66,31.54,0.9331850007210479
-103.65,31.54,0.9313872423720833
-103.64,31.54,0.9175660959058466
-103.63,31.54,0.8931494317989622
-103.62,31.54,0.8787059530331531
-103.61,31.54,0.885879968132454
-103.6,31.54,0.909096819328999
-103.59,31.54,0.930746758255762
-103.58,31.54,0.9420665017816988
-103.57,31.54,0.9439989783868765
-103.56,31.54,0.9407888085660343
-103.55,31.54,0.940273316832495
-103.54,31.54,0.9403951205630743
-103.53,31.54,0.9402587062486905
-103.52,31.54,0.9372571712915649
-103.51,31.54,0.9284727680804798
-103.5,31.54,0.9134975492127118
-103.49,31.54,0.8930998360733848
-103.48,31.54,0.8743519148599052
-103.47,31.54,0.8670619726535963
-103.46,31.54,0.8690527720017998
-103.45,31.54,0.8740092322502855
-103.44,31.54,0.8677402763739269
-103.43,31.54,0.8527832161953802
-103.42,31.54,0.8419625299458515
-103.41,31.54,0.8397193328321545
-104.0,31.549999999999997,
-103.99,31.549999999999997,0.9128786715892289
-103.98,31.549999999999997,0.9022831020432427
-103.97,31.549999999999997,0.8923377352314594
-103.96,31.549999999999997,0.8835831127778196
-103.95,31.549999999999997,0.8768650844412198
-103.94,31.549999999999997,0.8722424802949347
-103.93,31.549999999999997,0.8689139085691583
-103.92,31.549999999999997,0.866092136905303
-103.91,31.549999999999997,0.8626353317452953
-103.9,31.549999999999997,0.8563841966871873
-103.89,31.549999999999997,0.8452243583501542
-103.88,31.549999999999997,0.8273057157692667
-103.87,31.549999999999997,0.8046996203831465
-103.86,31.549999999999997,0.7836471052755811
-103.85,31.549999999999997,0.7691521856156728
-103.84,31.549999999999997,0.7615946751848051
-103.83,31.549999999999997,0.758797321920488
-103.82,31.549999999999997,0.7629235445874728
-103.81,31.549999999999997,0.7782512792786627
-103.8,31.549999999999997,0.8030680201855744
-103.79,31.549999999999997,0.8251027252778644
-103.78,31.549999999999997,0.8330368357932555
-103.77,31.549999999999997,0.8239639854419072
-103.76,31.549999999999997,0.8059368767583882
-103.75,31.549999999999997,0.7910867963694765
-103.74,31.549999999999997,0.7911088336554585
-103.73,31.549999999999997,0.8062085700104585
-103.72,31.549999999999997,0.8250246110128541
-103.71,31.549999999999997,0.8375862397244964
-103.7,31.549999999999997,0.8392145229842921
-103.69,31.549999999999997,0.838119286321146
-103.68,31.549999999999997,0.8432908371783762
-103.67,31.549999999999997,0.8586142903397688
-103.66,31.549999999999997,0.8774463309635778
-103.65,31.549999999999997,0.8864167852253334
-103.64,31.549999999999997,0.8829169296708521
-103.63,31.549999999999997,0.8719125264574512
-103.62,31.549999999999997,0.8647421953809756
-103.61,31.549999999999997,0.8758807319158487
-103.6,31.549999999999997,0.8958665757588122
-103.59,31.549999999999997,0.9155335556972397
-103.58,31.549999999999997,0.9224814668125072
-103.57,31.549999999999997,0.9300039857777124
-103.56,31.549999999999997,0.9312453442020648
-103.55,31.549999999999997,0.9313754073590073
-103.54,31.549999999999997,0.9351565884718454
-103.53,31.549999999999997,0.9299551582101587
-103.52,31.549999999999997,0.9203170840030046
-103.51,31.549999999999997,0.905267694460642
-103.5,31.549999999999997,0.8810862991302857
-103.49,31.549999999999997,0.8580164782913516
-103.48,31.549999999999997,0.8407913023740458
-103.47,31.549999999999997,0.8434032794829418
-103.46,31.549999999999997,0.8585283607546557
-103.45,31.549999999999997,0.8711630919207214
-103.44,31.549999999999997,0.8738761818269855
-103.43,31.549999999999997,0.8685949332631493
-103.42,31.549999999999997,0.855913587214497
-103.41,31.549999999999997,0.8551522350140113
-104.0,31.56,
-103.99,31.56,0.9087352791696433
-103.98,31.56,0.8965651216732292
-103.97,31.56,0.8849343760891297
-103.96,31.56,0.8750288888767359
-103.95,31.56,0.8683661325840921
-103.94,31.56,0.8647163305079251
-103.93,31.56,0.8632959408615382
-103.92,31.56,0.8624659571871384
-103.91,31.56,0.8609859465335918
-103.9,31.56,0.85679005121913
-103.89,31.56,0.8456462528625149
-103.88,31.56,0.8262949276069925
-103.87,31.56,0.799500442708794
-103.86,31.56,0.7736545715040509
-103.85,31.56,0.7578278983499982
-103.84,31.56,0.7524342406869713
-103.83,31.56,0.7527871586497785
-103.82,31.56,0.7559882691250519
-103.81,31.56,0.7661733056830723
-103.8,31.56,0.7812614860094304
-103.79,31.56,0.7929881376377201
-103.78,31.56,0.7932096168142637
-103.77,31.56,0.7795727311048554
-103.76,31.56,0.761005965492705
-103.75,31.56,0.7488904707089596
-103.74,31.56,0.7496199097985418
-103.73,31.56,0.7608122549612811
-103.72,31.56,0.7732959710923998
-103.71,31.56,0.7801974636228619
-103.7,31.56,0.7793806966308175
-103.69,31.56,0.7735542249106891
-103.68,31.56,0.7731241230211251
-103.67,31.56,0.784387923252935
-103.66,31.56,0.8032752936371694
-103.65,31.56,0.818584433958919
-103.64,31.56,0.8246178414876677
-103.63,31.56,0.8216300574159943
-103.62,31.56,0.821482566513792
-103.61,31.56,0.830476832790301
-103.6,31.56,0.8448141521552088
-103.59,31.56,0.8575867641815502
-103.58,31.56,0.863320418507286
-103.57,31.56,0.8652371806978609
-103.56,31.56,0.87225618374133
-103.55,31.56,0.880783315950496
-103.54,31.56,0.88897795169377
-103.53,31.56,0.8916230611026552
-103.52,31.56,0.8839269157534865
-103.51,31.56,0.867745361767962
-103.5,31.56,0.8433217876586496
-103.49,31.56,0.8175065133688382
-103.48,31.56,0.8028235765094914
-103.47,31.56,0.808351368354358
-103.46,31.56,0.82852335968779
-103.45,31.56,0.8497085054392362
-103.44,31.56,0.859120782570801
-103.43,31.56,0.8565560852558494
-103.42,31.56,0.8489213825388963
-103.41,31.56,0.8448300507693374
-104.0,31.57,
-103.99,31.57,0.9050594568592346
-103.98,31.57,0.8909791621603501
-103.97,31.57,0.8768610363541934
-103.96,31.57,0.8670153127179441
-103.95,31.57,0.8602755245184088
-103.94,31.57,0.857984782098935
-103.93,31.57,0.8584678704267925
-103.92,31.57,0.8596645896600683
-103.91,31.57,0.8587931903408672
-103.9,31.57,0.8540215260861984
-103.89,31.57,0.8448912534562019
-103.88,31.57,0.8222586325258145
-103.87,31.57,0.7961886731392643
-103.86,31.57,0.7682608127036754
-103.85,31.57,0.7535389731746764
-103.84,31.57,0.7467508339475724
-103.83,31.57,0.7483389372928139
-103.82,31.57,0.7507505267748951
-103.81,31.57,0.7533704435234151
-103.8,31.57,0.7591619500902995
-103.79,31.57,0.7607018822332164
-103.78,31.57,0.7512174425760737
-103.77,31.57,0.7336049702542206
-103.76,31.57,0.7158826204000347
-103.75,31.57,0.7104553979582782
-103.74,31.57,0.7143682149636261
-103.73,31.57,0.7230024155733537
-103.72,31.57,0.7286082001423189
-103.71,31.57,0.7336617008168067
-103.7,31.57,0.7335483093304588
-103.69,31.57,0.7299372391754411
-103.68,31.57,0.7256382266429611
-103.67,31.57,0.7211440180834809
-103.66,31.57,0.7351532030827352
-103.65,31.57,0.7477649708213974
-103.64,31.57,0.7589726564093702
-103.63,31.57,0.7621123375547411
-103.62,31.57,0.7611868609461979
-103.61,31.57,0.7644052072236541
-103.6,31.57,0.7700605488187506
-103.59,31.57,0.7701621506677707
-103.58,31.57,0.7635607811977986
-103.57,31.57,0.7553565001117768
-103.56,31.57,0.7580472760589045
-103.55,31.57,0.7766197407987763
-103.54,31.57,0.7995098154578746
-103.53,31.57,0.8171643828514753
-103.52,31.57,0.8192704379951514
-103.51,31.57,0.8109929948032236
-103.5,31.57,0.793108529000569
-103.49,31.57,0.7683822600155379
-103.48,31.57,0.7504968485044623
-103.47,31.57,0.7512484895629195
-103.46,31.57,0.7693158476588889
-103.45,31.57,0.7905764213664733
-103.44,31.57,0.8033572603473673
-103.43,31.57,0.8033455433650306
-103.42,31.57,0.7990615675787069
-103.41,31.57,0.7971912796310778
-104.0,31.58,
-103.99,31.58,0.9012256792244808
-103.98,31.58,0.8831856734814563
-103.97,31.58,0.8666684233740449
-103.96,31.58,0.8546666347363211
-103.95,31.58,0.8491456259462682
-103.94,31.58,0.8493659231209572
-103.93,31.58,0.8528476554640226
-103.92,31.58,0.8542204817212294
-103.91,31.58,0.8531947608776874
-103.9,31.58,0.8465205369044448
-103.89,31.58,0.8359161306142614
-103.88,31.58,0.8145218554352252
-103.87,31.58,0.7897124261116416
-103.86,31.58,0.7634164295157828
-103.85,31.58,0.7509590215579993
-103.84,31.58,0.7442258978615415
-103.83,31.58,0.7432214396782526
-103.82,31.58,0.740292635325712
-103.81,31.58,0.7385507897917216
-103.8,31.58,0.7340141487023393
-103.79,31.58,0.7273982723435642
-103.78,31.58,0.7129868146727014
-103.77,31.58,0.6941593974096706
-103.76,31.58,0.677795612401079
-103.75,31.58,0.680706432322619
-103.74,31.58,0.6863284711527107
-103.73,31.58,0.6963127965591145
-103.72,31.58,0.7016406715969078
-103.71,31.58,0.7063466024023076
-103.7,31.58,0.7157894123705915
-103.69,31.58,0.7121510032050677
-103.68,31.58,0.7036008531784361
-103.67,31.58,0.6947343313042018
-103.66,31.58,0.6946746470133572
-103.65,31.58,0.7102978179004256
-103.64,31.58,0.7203853247704474
-103.63,31.58,0.7238521076463136
-103.62,31.58,0.7204304411092982
-103.61,31.58,0.7111535156856635
-103.6,31.58,0.7011467479517448
-103.59,31.58,0.688785533369543
-103.58,31.58,0.6650533647777797
-103.57,31.58,0.6427608416371704
-103.56,31.58,0.639252822412884
-103.55,31.58,0.6516497828852691
-103.54,31.58,0.6903316234259268
-103.53,31.58,0.7146747709395187
-103.52,31.58,0.7349512316568556
-103.51,31.58,0.7332887579239342
-103.5,31.58,0.7244232854164263
-103.49,31.58,0.7061195365291653
-103.48,31.58,0.6885176354219503
-103.47,31.58,0.6780665541067018
-103.46,31.58,0.6874813421272972
-103.45,31.58,0.7011578508395089
-103.44,31.58,0.712125825807792
-103.43,31.58,0.7129148574521647
-103.42,31.58,0.7101102426526444
-103.41,31.58,0.7091325984694847
-104.0,31.59,
-103.99,31.59,0.8945089791670077
-103.98,31.59,0.8727440694726502
-103.97,31.59,0.8525840359057874
-103.96,31.59,0.838722850946227
-103.95,31.59,0.8331824817714739
-103.94,31.59,0.8362813670422459
-103.93,31.59,0.8411977055635332
-103.92,31.59,0.8436579373417733
-103.91,31.59,0.839822605669064
-103.9,31.59,0.8312662152413766
-103.89,31.59,0.818724685839041
-103.88,31.59,0.8019038732816814
-103.87,31.59,0.7818478306292882
-103.86,31.59,0.7656180161964506
-103.85,31.59,0.7557165871982492
-103.84,31.59,0.7506000761138841
-103.83,31.59,0.7446510191344359
-103.82,31.59,0.7353510584103053
-103.81,31.59,0.7262615633727757
-103.8,31.59,0.7179023186948263
-103.79,31.59,0.7074325459135301
-103.78,31.59,0.6919890944120994
-103.77,31.59,0.67011003290693
-103.76,31.59,0.6586305535529932
-103.75,31.59,0.6606237886018238
-103.74,31.59,0.6709800469569035
-103.73,31.59,0.6850622487016463
-103.72,31.59,0.6940290787443653
-103.71,31.59,0.7072347600157288
-103.7,31.59,0.7167999615174423
-103.69,31.59,0.7157026369398309
-103.68,31.59,0.7035111472006246
-103.67,31.59,0.6875412171859228
-103.66,31.59,0.689231850710632
-103.65,31.59,0.7043157208707065
-103.64,31.59,0.7201945413836628
-103.63,31.59,0.7194751735748841
-103.62,31.59,0.7064383724061276
-103.61,31.59,0.6846515488303998
-103.6,31.59,0.6673992443730687
-103.59,31.59,0.6468171929671136
-103.58,31.59,0.6247967973740054
-103.57,31.59,0.5910598892588833
-103.56,31.59,0.5793003683032593
-103.55,31.59,0.5888837531393679
-103.54,31.59,0.6116576793922308
-103.53,31.59,0.6326733707895721
-103.52,31.59,0.6486583628625974
-103.51,31.59,0.6554952443438624
-103.5,31.59,0.6554821469836509
-103.49,31.59,0.64100980531546
-103.48,31.59,0.6243014248204245
-103.47,31.59,0.6091656139679242
-103.46,31.59,0.6054655247963683
-103.45,31.59,0.6084664567481299
-103.44,31.59,0.6111043142628565
-103.43,31.59,0.6037351663575172
-103.42,31.59,0.5967710337257841
-103.41,31.59,0.5925394683081588
-104.0,31.599999999999998,
-103.99,31.599999999999998,0.8846969645867881
-103.98,31.599999999999998,0.8578969060209377
-103.97,31.599999999999998,0.8328797665857421
-103.96,31.599999999999998,0.8158006110052148
-103.95,31.599999999999998,0.8108547226491669
-103.94,31.599999999999998,0.816399830131207
-103.93,31.599999999999998,0.8229355040061138
-103.92,31.599999999999998,0.8246318098706459
-103.91,31.599999999999998,0.8188775895579892
-103.9,31.599999999999998,0.8087196985080476
-103.89,31.599999999999998,0.7977765343416149
-103.88,31.599999999999998,0.7859682789243858
-103.87,31.599999999999998,0.7795960743622836
-103.86,31.599999999999998,0.7736554050787999
-103.85,31.599999999999998,0.7713485982795141
-103.84,31.599999999999998,0.7666823462304897
-103.83,31.599999999999998,0.7542148526329405
-103.82,31.599999999999998,0.7381156083073153
-103.81,31.599999999999998,0.7221162412267725
-103.8,31.599999999999998,0.7111202728081109
-103.79,31.599999999999998,0.7018051119847164
-103.78,31.599999999999998,0.6856757809226355
-103.77,31.599999999999998,0.6712137999206909
-103.76,31.599999999999998,0.6588212909193422
-103.75,31.599999999999998,0.6595204343767576
-103.74,31.599999999999998,0.6687570278922732
-103.73,31.599999999999998,0.6840176463399632
-103.72,31.599999999999998,0.701067146194549
-103.71,31.599999999999998,0.7158220160808553
-103.7,31.599999999999998,0.7251669192432387
-103.69,31.599999999999998,0.7192418918702594
-103.68,31.599999999999998,0.7077908758826323
-103.67,31.599999999999998,0.7005690005031444
-103.66,31.599999999999998,0.7058071134731176
-103.65,31.599999999999998,0.7222078456053348
-103.64,31.599999999999998,0.7299037459026602
-103.63,31.599999999999998,0.727890566530647
-103.62,31.599999999999998,0.7048547320896951
-103.61,31.599999999999998,0.6816044787822199
-103.6,31.599999999999998,0.6608163391093496
-103.59,31.599999999999998,0.6488005287476185
-103.58,31.599999999999998,0.6358955681815426
-103.57,31.599999999999998,0.6198561695926945
-103.56,31.599999999999998,0.6092318263979374
-103.55,31.599999999999998,0.6036191928907724
-103.54,31.599999999999998,0.5992597490046603
-103.53,31.599999999999998,0.5927775093639812
-103.52,31.599999999999998,0.5902974113794643
-103.51,31.599999999999998,0.5943570745478437
-103.5,31.599999999999998,0.5977669137906705
-103.49,31.599999999999998,0.5950493442161717
-103.48,31.599999999999998,0.5840736747191557
-103.47,31.599999999999998,0.5702575986708345
-103.46,31.599999999999998,0.5619337228298894
-103.45,31.599999999999998,0.5560861456468043
-103.44,31.599999999999998,0.5446696133183466
-103.43,31.599999999999998,0.5238475606518224
-103.42,31.599999999999998,0.49733025585942675
-103.41,31.599999999999998,0.48205558745915933
-104.0,31.61,
-103.99,31.61,0.8705526401238631
-103.98,31.61,0.8385034614178942
-103.97,31.61,0.8099358442023228
-103.96,31.61,0.7912941564253617
-103.95,31.61,0.7872356433326417
-103.94,31.61,0.7937782899564781
-103.93,31.61,0.7991288733591695
-103.92,31.61,0.7984322600487468
-103.91,31.61,0.7921112477323107
-103.9,31.61,0.7843972464667557
-103.89,31.61,0.7797765713839788
-103.88,31.61,0.7794642844759313
-103.87,31.61,0.7832429014043817
-103.86,31.61,0.7887865895405972
-103.85,31.61,0.790699847372522
-103.84,31.61,0.7839729935167856
-103.83,31.61,0.7666354501588706
-103.82,31.61,0.7443939049108816
-103.81,31.61,0.7239632885672418
-103.8,31.61,0.7101036792345988
-103.79,31.61,0.7006574014846112
-103.78,31.61,0.6896850763419803
-103.77,31.61,0.6769990440178609
-103.76,31.61,0.6658923431952801
-103.75,31.61,0.662222794046871
-103.74,31.61,0.6685408686558345
-103.73,31.61,0.6845277962550277
-103.72,31.61,0.7048628593066526
-103.71,31.61,0.7222589373556406
-103.7,31.61,0.7280102341257739
-103.69,31.61,0.7207668658167256
-103.68,31.61,0.710588952224374
-103.67,31.61,0.7108850776694533
-103.66,31.61,0.7268928496122751
-103.65,31.61,0.7460701998148496
-103.64,31.61,0.7519200309411236
-103.63,31.61,0.7390320654858725
-103.62,31.61,0.7134152160858779
-103.61,31.61,0.6898151244334405
-103.6,31.61,0.6803798562006915
-103.59,31.61,0.6782498836196063
-103.58,31.61,0.6743275511974626
-103.57,31.61,0.664970037786484
-103.56,31.61,0.6498481404705629
-103.55,31.61,0.6326486660132569
-103.54,31.61,0.6085635056964892
-103.53,31.61,0.5861065925166427
-103.52,31.61,0.5687075402690449
-103.51,31.61,0.5656447807938381
-103.5,31.61,0.5720969819442694
-103.49,31.61,0.5687658868185376
-103.48,31.61,0.5617700975689268
-103.47,31.61,0.5529837157917878
-103.46,31.61,0.5411417358668675
-103.45,31.61,0.5344853366699813
-103.44,31.61,0.5207468061304118
-103.43,31.61,0.4936775954599708
-103.42,31.61,0.4630535972312373
-103.41,31.61,0.41768890547554405
-104.0,31.619999999999997,
-103.99,31.619999999999997,0.8594117123775132
-103.98,31.619999999999997,0.8224721623887191
-103.97,31.619999999999997,0.7924442428878271
-103.96,31.619999999999997,0.7740272535028945
-103.95,31.619999999999997,0.7721957510228978
-103.94,31.619999999999997,0.7808789962461887
-103.93,31.619999999999997,0.7840710284964524
-103.92,31.619999999999997,0.7803157222358524
-103.91,31.619999999999997,0.7730633501049646
-103.9,31.619999999999997,0.7673399504233113
-103.89,31.619999999999997,0.770800758564613
-103.88,31.619999999999997,0.7794273243830558
-103.87,31.619999999999997,0.7919382469773211
-103.86,31.619999999999997,0.8018435350483955
-103.85,31.619999999999997,0.8041092754653165
-103.84,31.619999999999997,0.7956373123998659
-103.83,31.619999999999997,0.7762032176621425
-103.82,31.619999999999997,0.751945887720894
-103.81,31.619999999999997,0.7285379035105113
-103.8,31.619999999999997,0.711487214575288
-103.79,31.619999999999997,0.7006697212327408
-103.78,31.619999999999997,0.6907827672781581
-103.77,31.619999999999997,0.6797354140668967
-103.76,31.619999999999997,0.6666878511884684
-103.75,31.619999999999997,0.6570633142104095
-103.74,31.619999999999997,0.6572742675264036
-103.73,31.619999999999997,0.6702913205891661
-103.72,31.619999999999997,0.6913076176094538
-103.71,31.619999999999997,0.7088522442352428
-103.7,31.619999999999997,0.7138730122005749
-103.69,31.619999999999997,0.7072883782237058
-103.68,31.619999999999997,0.7035743359165062
-103.67,31.619999999999997,0.7158714053568584
-103.66,31.619999999999997,0.7454040172303122
-103.65,31.619999999999997,0.7703463228808983
-103.64,31.619999999999997,0.7776503622712879
-103.63,31.619999999999997,0.7649264247222902
-103.62,31.619999999999997,0.7433738554221636
-103.61,31.619999999999997,0.7308623501492507
-103.6,31.619999999999997,0.7320977331047811
-103.59,31.619999999999997,0.7342576174579687
-103.58,31.619999999999997,0.7269965871995709
-103.57,31.619999999999997,0.7050752544691354
-103.56,31.619999999999997,0.6701246338823824
-103.55,31.619999999999997,0.636177305100944
-103.54,31.619999999999997,0.6020507453075986
-103.53,31.619999999999997,0.5783784227993856
-103.52,31.619999999999997,0.5667508222161363
-103.51,31.619999999999997,0.561497647405456
-103.5,31.619999999999997,0.5630773188176331
-103.49,31.619999999999997,0.5570018984594172
-103.48,31.619999999999997,0.5500437609994286
-103.47,31.619999999999997,0.5411144362515221
-103.46,31.619999999999997,0.5309170893882007
-103.45,31.619999999999997,0.5258501921112488
-103.44,31.619999999999997,0.516241744279941
-103.43,31.619999999999997,0.4974643631574944
-103.42,31.619999999999997,0.4620311083028673
-103.41,31.619999999999997,0.42370251558409233
-104.0,31.63,
-103.99,31.63,0.8536709349960705
-103.98,31.63,0.8167529938341048
-103.97,31.63,0.7849235070867091
-103.96,31.63,0.7687380671318013
-103.95,31.63,0.7717192686433827
-103.94,31.63,0.7826627526824996
-103.93,31.63,0.7881520119971344
-103.92,31.63,0.7819635269597971
-103.91,31.63,0.771115064921305
-103.9,31.63,0.7661222819110358
-103.89,31.63,0.7716353828254088
-103.88,31.63,0.785968943297652
-103.87,31.63,0.800697952808457
-103.86,31.63,0.810108780845864
-103.85,31.63,0.8103767759433316
-103.84,31.63,0.8001353930949084
-103.83,31.63,0.7804872820305057
-103.82,31.63,0.756963406027598
-103.81,31.63,0.7326677412768262
-103.8,31.63,0.7124969925711451
-103.79,31.63,0.6996665736478916
-103.78,31.63,0.6898602798498946
-103.77,31.63,0.6794649467316717
-103.76,31.63,0.6628815125606442
-103.75,31.63,0.6439152593370767
-103.74,31.63,0.6329479356719644
-103.73,31.63,0.640600996914404
-103.72,31.63,0.6578383760732771
-103.71,31.63,0.676413714125247
-103.7,31.63,0.6807778168958349
-103.69,31.63,0.6792602534885012
-103.68,31.63,0.6839844609980278
-103.67,31.63,0.7106511110623082
-103.66,31.63,0.7566476795220695
-103.65,31.63,0.795516102924325
-103.64,31.63,0.8174190339277809
-103.63,31.63,0.8162706313360416
-103.62,31.63,0.8040160215002186
-103.61,31.63,0.7979192966676818
-103.6,31.63,0.8017347209966932
-103.59,31.63,0.8004503961106861
-103.58,31.63,0.7842812483778823
-103.57,31.63,0.7458740839847766
-103.56,31.63,0.6923663781052842
-103.55,31.63,0.6392424515290209
-103.54,31.63,0.5957979701519943
-103.53,31.63,0.573961021822076
-103.52,31.63,0.5709125701758945
-103.51,31.63,0.5681045064048712
-103.5,31.63,0.5643829398609554
-103.49,31.63,0.5500648278472424
-103.48,31.63,0.5402161875915257
-103.47,31.63,0.532455222294753
-103.46,31.63,0.5228239219841049
-103.45,31.63,0.5168288801312628
-103.44,31.63,0.508730760120311
-103.43,31.63,0.49788770131328963
-103.42,31.63,0.47587107120101796
-103.41,31.63,0.45124279388621164
-104.0,31.639999999999997,
-103.99,31.639999999999997,0.8551697840668548
-103.98,31.639999999999997,0.8206184956559289
-103.97,31.639999999999997,0.7888997045467526
-103.96,31.639999999999997,0.7752090963205419
-103.95,31.639999999999997,0.7786865966664697
-103.94,31.639999999999997,0.7941602500498384
-103.93,31.639999999999997,0.802217949320335
-103.92,31.639999999999997,0.7985471321384727
-103.91,31.639999999999997,0.7872136100757604
-103.9,31.639999999999997,0.7792377004618222
-103.89,31.639999999999997,0.7812741055496205
-103.88,31.639999999999997,0.7935990028332891
-103.87,31.639999999999997,0.8065898360697596
-103.86,31.639999999999997,0.8132769821549723
-103.85,31.639999999999997,0.8103436255946156
-103.84,31.639999999999997,0.7993864829181212
-103.83,31.639999999999997,0.7811786732120258
-103.82,31.639999999999997,0.7599233546824644
-103.81,31.639999999999997,0.7363746140152065
-103.8,31.639999999999997,0.7157839138195398
-103.79,31.639999999999997,0.7014263378282419
-103.78,31.639999999999997,0.6922698784940601
-103.77,31.639999999999997,0.6824943083027659
-103.76,31.639999999999997,0.6620371009987782
-103.75,31.639999999999997,0.6345563340777871
-103.74,31.639999999999997,0.6098656179721714
-103.73,31.639999999999997,0.605371247913729
-103.72,31.639999999999997,0.6187696888322309
-103.71,31.639999999999997,0.6338018630703384
-103.7,31.639999999999997,0.6414842142507531
-103.69,31.639999999999997,0.6451708621937547
-103.68,31.639999999999997,0.6616548004838729
-103.67,31.639999999999997,0.7038514818479652
-103.66,31.639999999999997,0.7657965666539912
-103.65,31.639999999999997,0.8218852768974445
-103.64,31.639999999999997,0.8580793963754686
-103.63,31.639999999999997,0.873069685986684
-103.62,31.639999999999997,0.8724544047685487
-103.61,31.639999999999997,0.8712018816123984
-103.6,31.639999999999997,0.8717105400293057
-103.59,31.639999999999997,0.8643655011937049
-103.58,31.639999999999997,0.8402800895942799
-103.57,31.639999999999997,0.7944316295991536
-103.56,31.639999999999997,0.7308178880859539
-103.55,31.639999999999997,0.664425302932519
-103.54,31.639999999999997,0.6061320308437255
-103.53,31.639999999999997,0.5786888398621592
-103.52,31.639999999999997,0.5728980282817032
-103.51,31.639999999999997,0.5700052846555863
-103.5,31.639999999999997,0.5609059266456117
-103.49,31.639999999999997,0.5432073671648492
-103.48,31.639999999999997,0.5316869295448596
-103.47,31.639999999999997,0.5255597737254833
-103.46,31.639999999999997,0.5173020108303837
-103.45,31.639999999999997,0.5064684335905707
-103.44,31.639999999999997,0.49454146210204153
-103.43,31.639999999999997,0.48621903031292724
-103.42,31.639999999999997,0.47597786304201695
-103.41,31.639999999999997,0.4670336120997917
-104.0,31.65,
-103.99,31.65,0.8556629615291018
-103.98,31.65,0.823925585372433
-103.97,31.65,0.7947666282521963
-103.96,31.65,0.7777468803873989
-103.95,31.65,0.7809184665015619
-103.94,31.65,0.7958011012562106
-103.93,31.65,0.8088770642019752
-103.92,31.65,0.8095917630184271
-103.91,31.65,0.8011615756379238
-103.9,31.65,0.7916732602295479
-103.89,31.65,0.7898733838107042
-103.88,31.65,0.7974934976696934
-103.87,31.65,0.8065326500511745
-103.86,31.65,0.810227718809545
-103.85,31.65,0.805332997119901
-103.84,31.65,0.794015927998402
-103.83,31.65,0.7776122376620918
-103.82,31.65,0.7594362691066426
-103.81,31.65,0.7398808649246983
-103.8,31.65,0.7215108806131331
-103.79,31.65,0.7086275450270463
-103.78,31.65,0.7002816400907156
-103.77,31.65,0.6894211628668779
-103.76,31.65,0.6698440269589878
-103.75,31.65,0.6369816374971465
-103.74,31.65,0.6067660271281445
-103.73,31.65,0.5887845619832739
-103.72,31.65,0.5944589410054141
-103.71,31.65,0.6057654018876653
-103.7,31.65,0.6104947757093935
-103.69,31.65,0.6243071760716753
-103.68,31.65,0.6482106560392236
-103.67,31.65,0.6994522658889659
-103.66,31.65,0.7646785275745724
-103.65,31.65,0.8320061077440221
-103.64,31.65,0.8798709982875595
-103.63,31.65,0.9075533178492283
-103.62,31.65,0.9233560166411922
-103.61,31.65,0.9262749049367478
-103.6,31.65,0.9265457781014113
-103.59,31.65,0.9157397011703391
-103.58,31.65,0.8872590423219623
-103.57,31.65,0.8422154364212564
-103.56,31.65,0.776768997811971
-103.55,31.65,0.7043288036073589
-103.54,31.65,0.6341740751147906
-103.53,31.65,0.5864968963372917
-103.52,31.65,0.5641284224730977
-103.51,31.65,0.5538994321071697
-103.5,31.65,0.5434618775816866
-103.49,31.65,0.5271684558716403
-103.48,31.65,0.5183597479721528
-103.47,31.65,0.515108268370832
-103.46,31.65,0.5076148820506947
-103.45,31.65,0.49400068816786324
-103.44,31.65,0.4781718734810142
-103.43,31.65,0.46936910001839405
-103.42,31.65,0.4661546546665447
-103.41,31.65,0.46880034825476946
-104.0,31.66,
-103.99,31.66,0.8519021344281148
-103.98,31.66,0.8225858561157602
-103.97,31.66,0.795092362128766
-103.96,31.66,0.7765815793272421
-103.95,31.66,0.7730476939236985
-103.94,31.66,0.7837985445102653
-103.93,31.66,0.7970625098422035
-103.92,31.66,0.8036945119625721
-103.91,31.66,0.8003625056336834
-103.9,31.66,0.7923383362078058
-103.89,31.66,0.7890320334530729
-103.88,31.66,0.7923457748331499
-103.87,31.66,0.7983967415460538
-103.86,31.66,0.7997368188890124
-103.85,31.66,0.7938700519389341
-103.84,31.66,0.7819561102137431
-103.83,31.66,0.7677761482538444
-103.82,31.66,0.753899623002464
-103.81,31.66,0.7397743561860674
-103.8,31.66,0.7270008747478444
-103.79,31.66,0.7175930785023611
-103.78,31.66,0.7108955501292284
-103.77,31.66,0.7018742808025281
-103.76,31.66,0.6825355164788449
-103.75,31.66,0.6524184470977576
-103.74,31.66,0.6217711579260241
-103.73,31.66,0.603425790741509
-103.72,31.66,0.5997360366611194
-103.71,31.66,0.6009434902133557
-103.7,31.66,0.6053338182340846
-103.69,31.66,0.6169197666967964
-103.68,31.66,0.6416515139177723
-103.67,31.66,0.6870130834641768
-103.66,31.66,0.749261686615606
-103.65,31.66,0.8153615163960141
-103.64,31.66,0.8738842758492238
-103.63,31.66,0.9166059982463818
-103.62,31.66,0.9424553668515885
-103.61,31.66,0.9571738273636111
-103.6,31.66,0.9604841795345472
-103.59,31.66,0.9489401603698575
-103.58,31.66,0.9195860895580218
-103.57,31.66,0.870575363401741
-103.56,31.66,0.8063659228594285
-103.55,31.66,0.7295712001339265
-103.54,31.66,0.6488245972255673
-103.53,31.66,0.5838718682220116
-103.52,31.66,0.542725706605985
-103.51,31.66,0.5268164001186408
-103.5,31.66,0.5173681578131594
-103.49,31.66,0.5083663519017416
-103.48,31.66,0.5032981631159351
-103.47,31.66,0.50304096303929
-103.46,31.66,0.49928175843016365
-103.45,31.66,0.4876257327685947
-103.44,31.66,0.4728085943109562
-103.43,31.66,0.4618874583246245
-103.42,31.66,0.45900370193803036
-103.41,31.66,0.46341882345792645
-104.0,31.669999999999998,
-103.99,31.669999999999998,0.8455159226477297
-103.98,31.669999999999998,0.8194517389287048
-103.97,31.669999999999998,0.7940193055533928
-103.96,31.669999999999998,0.7737720231764375
-103.95,31.669999999999998,0.7652433151190077
-103.94,31.669999999999998,0.7684335332041454
-103.93,31.669999999999998,0.778710121831457
-103.92,31.669999999999998,0.7864161210095163
-103.91,31.669999999999998,0.7875931505376907
-103.9,31.669999999999998,0.7833210368417729
-103.89,31.669999999999998,0.7799770417292708
-103.88,31.669999999999998,0.7818438259741134
-103.87,31.669999999999998,0.7860299830407462
-103.86,31.669999999999998,0.7860875312440387
-103.85,31.669999999999998,0.7777545867927615
-103.84,31.669999999999998,0.7636482663632841
-103.83,31.669999999999998,0.7485201005573561
-103.82,31.669999999999998,0.7367722406100576
-103.81,31.669999999999998,0.7302054500942365
-103.8,31.669999999999998,0.7248975871619432
-103.79,31.669999999999998,0.722484433601811
-103.78,31.669999999999998,0.7202932679264122
-103.77,31.669999999999998,0.7145169793287867
-103.76,31.669999999999998,0.7019968792364426
-103.75,31.669999999999998,0.6791026464371628
-103.74,31.669999999999998,0.658455196468198
-103.73,31.669999999999998,0.6416801548205371
-103.72,31.669999999999998,0.6343520684228079
-103.71,31.669999999999998,0.6264361573154819
-103.7,31.669999999999998,0.6192847716920526
-103.69,31.669999999999998,0.6218157993050281
-103.68,31.669999999999998,0.6337179235476326
-103.67,31.669999999999998,0.6671431461720131
-103.66,31.669999999999998,0.7131119897257091
-103.65,31.669999999999998,0.7743772372089007
-103.64,31.669999999999998,0.8343792568809266
-103.63,31.669999999999998,0.8875951908694025
-103.62,31.669999999999998,0.9311010254207153
-103.61,31.669999999999998,0.9535628518239168
-103.6,31.669999999999998,0.9667757571159822
-103.59,31.669999999999998,0.9547135665029111
-103.58,31.669999999999998,0.9232929853569465
-103.57,31.669999999999998,0.8734408114687973
-103.56,31.669999999999998,0.803112374747857
-103.55,31.669999999999998,0.7247995853241005
-103.54,31.669999999999998,0.640555805156784
-103.53,31.669999999999998,0.5688666465483986
-103.52,31.669999999999998,0.5214624141553038
-103.51,31.669999999999998,0.5039747268907492
-103.5,31.669999999999998,0.49573803804193006
-103.49,31.669999999999998,0.4938155855486262
-103.48,31.669999999999998,0.4941060633175741
-103.47,31.669999999999998,0.49779667181077686
-103.46,31.669999999999998,0.4991923918872908
-103.45,31.669999999999998,0.49307772050268367
-103.44,31.669999999999998,0.47887576399721865
-103.43,31.669999999999998,0.46329290354557773
-103.42,31.669999999999998,0.4554145039860119
-103.41,31.669999999999998,0.45790488914067695
-104.0,31.68,
-103.99,31.68,0.8409506995060871
-103.98,31.68,0.8177862913826593
-103.97,31.68,0.7964200127047983
-103.96,31.68,0.7769700549806924
-103.95,31.68,0.7658995822754999
-103.94,31.68,0.7644120915246949
-103.93,31.68,0.7684004504977581
-103.92,31.68,0.774215567656208
-103.91,31.68,0.7772224184147901
-103.9,31.68,0.7753572907895525
-103.89,31.68,0.7734815322196913
-103.88,31.68,0.7747080209063228
-103.87,31.68,0.7777743696850726
-103.86,31.68,0.775044360343488
-103.85,31.68,0.763380180663702
-103.84,31.68,0.7435994258070991
-103.83,31.68,0.7245366479379556
-103.82,31.68,0.7137725809343738
-103.81,31.68,0.7117881370584616
-103.8,31.68,0.7161783946440271
-103.79,31.68,0.7220785494432808
-103.78,31.68,0.7285513111064128
-103.77,31.68,0.7318900168171609
-103.76,31.68,0.7276700330148806
-103.75,31.68,0.716525643137707
-103.74,31.68,0.7031753446917868
-103.73,31.68,0.690210883080588
-103.72,31.68,0.6764897072900191
-103.71,31.68,0.6590997681733031
-103.7,31.68,0.6400953412787878
-103.69,31.68,0.6277715376375612
-103.68,31.68,0.6284767592385426
-103.67,31.68,0.6446585958258237
-103.66,31.68,0.676464636124853
-103.65,31.68,0.7223134830372124
-103.64,31.68,0.7790400796617063
-103.63,31.68,0.8371148302809763
-103.62,31.68,0.8904336651967094
-103.61,31.68,0.9289668834038723
-103.6,31.68,0.9447065904537333
-103.59,31.68,0.9361663092574058
-103.58,31.68,0.9014791543915561
-103.57,31.68,0.8454423410527828
-103.56,31.68,0.7733802705502492
-103.55,31.68,0.6924475935205179
-103.54,31.68,0.6160477987406285
-103.53,31.68,0.5557676067760022
-103.52,31.68,0.5172891562176481
-103.51,31.68,0.5015338335449891
-103.5,31.68,0.4941620102812271
-103.49,31.68,0.4924841601601151
-103.48,31.68,0.49536740711302896
-103.47,31.68,0.5008249170793204
-103.46,31.68,0.504355237360645
-103.45,31.68,0.5002359831878868
-103.44,31.68,0.48457591198299194
-103.43,31.68,0.4644181429308418
-103.42,31.68,0.4501667170949009
-103.41,31.68,0.44926338508856933
-104.0,31.689999999999998,
-103.99,31.689999999999998,0.840055900338233
-103.98,31.689999999999998,0.8209240374287516
-103.97,31.689999999999998,0.8025220032662116
-103.96,31.689999999999998,0.7870642672992144
-103.95,31.689999999999998,0.7765229856578846
-103.94,31.689999999999998,0.7726550945037134
-103.93,31.689999999999998,0.7739763019927025
-103.92,31.689999999999998,0.7768327920192524
-103.91,31.689999999999998,0.7787922498583639
-103.9,31.689999999999998,0.7782344405011834
-103.89,31.689999999999998,0.7773129012823978
-103.88,31.689999999999998,0.7781530757336941
-103.87,31.689999999999998,0.778313414428071
-103.86,31.689999999999998,0.7724282229438455
-103.85,31.689999999999998,0.7558801714175427
-103.84,31.689999999999998,0.7317750575705612
-103.83,31.689999999999998,0.7080717042681998
-103.82,31.689999999999998,0.695686320405634
-103.81,31.689999999999998,0.6973265303841754
-103.8,31.689999999999998,0.7069897564183547
-103.79,31.689999999999998,0.7222037286415921
-103.78,31.689999999999998,0.7401603671004622
-103.77,31.689999999999998,0.7527958444230738
-103.76,31.689999999999998,0.756597449695056
-103.75,31.689999999999998,0.7536624233558213
-103.74,31.689999999999998,0.7455016953784245
-103.73,31.689999999999998,0.7306205115961258
-103.72,31.689999999999998,0.7136193394373043
-103.71,31.689999999999998,0.6878611790955214
-103.7,31.689999999999998,0.6590593718131336
-103.69,31.689999999999998,0.6371341479946445
-103.68,31.689999999999998,0.629353459038743
-103.67,31.689999999999998,0.6349634502472885
-103.66,31.689999999999998,0.6505886138182567
-103.65,31.689999999999998,0.6787028011321127
-103.64,31.689999999999998,0.7161173396157048
-103.63,31.689999999999998,0.7674065777155935
-103.62,31.689999999999998,0.8219689372764408
-103.61,31.689999999999998,0.8712041618466908
-103.6,31.689999999999998,0.8908953538312842
-103.59,31.689999999999998,0.8887662830800821
-103.58,31.689999999999998,0.854074472212527
-103.57,31.689999999999998,0.7963428659536562
-103.56,31.689999999999998,0.7232708442555674
-103.55,31.689999999999998,0.6517679679447201
-103.54,31.689999999999998,0.5902611213711998
-103.53,31.689999999999998,0.5516949225982246
-103.52,31.689999999999998,0.5284261174080984
-103.51,31.689999999999998,0.5117008857148659
-103.5,31.689999999999998,0.49954868305010647
-103.49,31.689999999999998,0.49433237650649064
-103.48,31.689999999999998,0.4965567991676375
-103.47,31.689999999999998,0.5019249604584732
-103.46,31.689999999999998,0.5052457970180566
-103.45,31.689999999999998,0.49825334741486593
-103.44,31.689999999999998,0.4803630642587211
-103.43,31.689999999999998,0.4554536495290638
-103.42,31.689999999999998,0.4366605580253281
-103.41,31.689999999999998,0.4301695250362156
-104.0,31.7,
-103.99,31.7,0.8447779040277963
-103.98,31.7,0.8282974827387768
-103.97,31.7,0.8144682085586001
-103.96,31.7,0.8020624454300705
-103.95,31.7,0.794045811750239
-103.94,31.7,0.7906751224209042
-103.93,31.7,0.7902661607485408
-103.92,31.7,0.7919720775923964
-103.91,31.7,0.7929362859918732
-103.9,31.7,0.7926277451457845
-103.89,31.7,0.7911514350955648
-103.88,31.7,0.7895999640751468
-103.87,31.7,0.7857145663690057
-103.86,31.7,0.775178706431507
-103.85,31.7,0.7565698144343116
-103.84,31.7,0.7318218702505894
-103.83,31.7,0.7086668301027461
-103.82,31.7,0.6960483665414368
-103.81,31.7,0.69647920606541
-103.8,31.7,0.708942245825362
-103.79,31.7,0.7291786629426047
-103.78,31.7,0.752929966056912
-103.77,31.7,0.7717658956646072
-103.76,31.7,0.7816210258768377
-103.75,31.7,0.7804756432907933
-103.74,31.7,0.7713082763537189
-103.73,31.7,0.7568710241588781
-103.72,31.7,0.7360269657524317
-103.71,31.7,0.7073287458563904
-103.7,31.7,0.6752238407933403
-103.69,31.7,0.6481771710445771
-103.68,31.7,0.634262327496685
-103.67,31.7,0.6340503891446605
-103.66,31.7,0.6403109329104195
-103.65,31.7,0.6470496866793207
-103.64,31.7,0.6609249092146638
-103.63,31.7,0.6909801045248762
-103.62,31.7,0.7368165722834615
-103.61,31.7,0.7847923810237346
-103.6,31.7,0.8167056752370634
-103.59,31.7,0.8226065778284278
-103.58,31.7,0.7982876789921675
-103.57,31.7,0.7479718717766615
-103.56,31.7,0.6824263736801193
-103.55,31.7,0.6201979488992514
-103.54,31.7,0.5826370186713108
-103.53,31.7,0.5701934144370788
-103.52,31.7,0.5623542540422162
-103.51,31.7,0.5472408853702779
-103.5,31.7,0.5239699219767111
-103.49,31.7,0.5061215995527054
-103.48,31.7,0.4984617792686302
-103.47,31.7,0.4980785063450794
-103.46,31.7,0.4947547107346809
-103.45,31.7,0.484039299728096
-103.44,31.7,0.46497801698568064
-103.43,31.7,0.44197056889071024
-103.42,31.7,0.423382306543063
-103.41,31.7,0.41465647415083956
-104.0,31.709999999999997,
-103.99,31.709999999999997,0.8528624074924694
-103.98,31.709999999999997,0.8398068921523792
-103.97,31.709999999999997,0.8285048137138677
-103.96,31.709999999999997,0.8197459239506804
-103.95,31.709999999999997,0.8138521191504977
-103.94,31.709999999999997,0.8108693358538857
-103.93,31.709999999999997,0.8104769993673219
-103.92,31.709999999999997,0.8111583047719424
-103.91,31.709999999999997,0.8114795351410478
-103.9,31.709999999999997,0.8103953182497937
-103.89,31.709999999999997,0.8078101084882328
-103.88,31.709999999999997,0.8033217236694099
-103.87,31.709999999999997,0.7954168056648706
-103.86,31.709999999999997,0.7821250117640303
-103.85,31.709999999999997,0.763072387172515
-103.84,31.709999999999997,0.7410411788277204
-103.83,31.709999999999997,0.722222872604078
-103.82,31.709999999999997,0.711360796464058
-103.81,31.709999999999997,0.7103779439770226
-103.8,31.709999999999997,0.7178196710342435
-103.79,31.709999999999997,0.7367020889071637
-103.78,31.709999999999997,0.7604985382537143
-103.77,31.709999999999997,0.7828373817658468
-103.76,31.709999999999997,0.7917382381559236
-103.75,31.709999999999997,0.7887911548775932
-103.74,31.709999999999997,0.7776735245178882
-103.73,31.709999999999997,0.7593416553019622
-103.72,31.709999999999997,0.7369067451924133
-103.71,31.709999999999997,0.7088712157110637
-103.7,31.709999999999997,0.6771280549144013
-103.69,31.709999999999997,0.6510104209173107
-103.68,31.709999999999997,0.6385409798335534
-103.67,31.709999999999997,0.6350662604902539
-103.66,31.709999999999997,0.6368904466882482
-103.65,31.709999999999997,0.6334213464832205
-103.64,31.709999999999997,0.6298860399310424
-103.63,31.709999999999997,0.6271938189439931
-103.62,31.709999999999997,0.6515730059802982
-103.61,31.709999999999997,0.6898105358519315
-103.6,31.709999999999997,0.7320754741491959
-103.59,31.709999999999997,0.7607937089504668
-103.58,31.709999999999997,0.7590927908580937
-103.57,31.709999999999997,0.7285369100206902
-103.56,31.709999999999997,0.6760577886152906
-103.55,31.709999999999997,0.6245024141840054
-103.54,31.709999999999997,0.6064494378079283
-103.53,31.709999999999997,0.6151549011892983
-103.52,31.709999999999997,0.6256789513321929
-103.51,31.709999999999997,0.6110902515383416
-103.5,31.709999999999997,0.5725070652588835
-103.49,31.709999999999997,0.5327597784753014
-103.48,31.709999999999997,0.5063805288906373
-103.47,31.709999999999997,0.49816777196554657
-103.46,31.709999999999997,0.48798427602624783
-103.45,31.709999999999997,0.4727664580934108
-103.44,31.709999999999997,0.4538545297142811
-103.43,31.709999999999997,0.43398400850224444
-103.42,31.709999999999997,0.41852922791112546
-103.41,31.709999999999997,0.4099808710090801
-104.0,31.72,
-103.99,31.72,0.864557664751568
-103.98,31.72,0.8543890582384918
-103.97,31.72,0.8451155294424688
-103.96,31.72,0.8383523073025009
-103.95,31.72,0.8336304049257409
-103.94,31.72,0.8312644059436789
-103.93,31.72,0.8303974702047994
-103.92,31.72,0.8301754298113285
-103.91,31.72,0.82932299027371
-103.9,31.72,0.8269427271534406
-103.89,31.72,0.8231000054069806
-103.88,31.72,0.8162820562571591
-103.87,31.72,0.80613858175937
-103.86,31.72,0.7914417715766493
-103.85,31.72,0.7729394618973384
-103.84,31.72,0.7543246692754405
-103.83,31.72,0.7390275671427784
-103.82,31.72,0.7283463601923772
-103.81,31.72,0.7216299183059964
-103.8,31.72,0.72240077879775
-103.79,31.72,0.734385359703648
-103.78,31.72,0.7568280420696143
-103.77,31.72,0.7793982121604147
-103.76,31.72,0.7909399632876253
-103.75,31.72,0.7882178616401139
-103.74,31.72,0.7741579859828087
-103.73,31.72,0.752742484752138
-103.72,31.72,0.7275446065994777
-103.71,31.72,0.6982762270935965
-103.7,31.72,0.669521040623828
-103.69,31.72,0.6468479130042926
-103.68,31.72,0.6363295094945277
-103.67,31.72,0.6350446262454301
-103.66,31.72,0.6356394141634909
-103.65,31.72,0.6311883817593367
-103.64,31.72,0.6182039930406357
-103.63,31.72,0.6014812011262278
-103.62,31.72,0.5952864694692199
-103.61,31.72,0.6218885796087403
-103.6,31.72,0.6715740365256353
-103.59,31.72,0.719136952577132
-103.58,31.72,0.7424293012887307
-103.57,31.72,0.7328698518651612
-103.56,31.72,0.6917449207069966
-103.55,31.72,0.6458451723736529
-103.54,31.72,0.6326307032995675
-103.53,31.72,0.6549061390637516
-103.52,31.72,0.6787598269324707
-103.51,31.72,0.6635358210569932
-103.5,31.72,0.6181873188765947
-103.49,31.72,0.5673205141110059
-103.48,31.72,0.535054164888925
-103.47,31.72,0.5319339053114969
-103.46,31.72,0.5248639288104827
-103.45,31.72,0.49829872025969174
-103.44,31.72,0.46696951529588193
-103.43,31.72,0.4353676955627282
-103.42,31.72,0.419442139475681
-103.41,31.72,0.41286148034113757
-104.0,31.729999999999997,
-103.99,31.729999999999997,0.8785830022971209
-103.98,31.729999999999997,0.8698740223965578
-103.97,31.729999999999997,0.8625461010157076
-103.96,31.729999999999997,0.856991382640144
-103.95,31.729999999999997,0.853119458977244
-103.94,31.729999999999997,0.8506866553120448
-103.93,31.729999999999997,0.8492468984546103
-103.92,31.729999999999997,0.8479398635592768
-103.91,31.729999999999997,0.8457720292138158
-103.9,31.729999999999997,0.8421847183951694
-103.89,31.729999999999997,0.8364885072735135
-103.88,31.729999999999997,0.8279456346748542
-103.87,31.729999999999997,0.8159680884231185
-103.86,31.729999999999997,0.8006387440194668
-103.85,31.729999999999997,0.7837185505986747
-103.84,31.729999999999997,0.7688934272888487
-103.83,31.729999999999997,0.7564793940674173
-103.82,31.729999999999997,0.7452152413255088
-103.81,31.729999999999997,0.7312979626292895
-103.8,31.729999999999997,0.7211533900051051
-103.79,31.729999999999997,0.7227717221140793
-103.78,31.729999999999997,0.7430371181242491
-103.77,31.729999999999997,0.7700575117943751
-103.76,31.729999999999997,0.7908124639970864
-103.75,31.729999999999997,0.7945619560204152
-103.74,31.729999999999997,0.7848909744362416
-103.73,31.729999999999997,0.7610887031077187
-103.72,31.729999999999997,0.7306395667208676
-103.71,31.729999999999997,0.7013396769958933
-103.7,31.729999999999997,0.670020830509071
-103.69,31.729999999999997,0.6540253697999819
-103.68,31.729999999999997,0.6454847038191984
-103.67,31.729999999999997,0.6412507659317769
-103.66,31.729999999999997,0.6410716147984714
-103.65,31.729999999999997,0.6347486299426374
-103.64,31.729999999999997,0.623371118669592
-103.63,31.729999999999997,0.605852572407527
-103.62,31.729999999999997,0.5906865420565578
-103.61,31.729999999999997,0.604603473392502
-103.6,31.729999999999997,0.644482306907178
-103.59,31.729999999999997,0.6975841070963632
-103.58,31.729999999999997,0.7304710096210734
-103.57,31.729999999999997,0.7344285706795616
-103.56,31.729999999999997,0.7039753342524504
-103.55,31.729999999999997,0.6617330554000114
-103.54,31.729999999999997,0.6453998242650363
-103.53,31.729999999999997,0.6613050335951921
-103.52,31.729999999999997,0.6875059440280525
-103.51,31.729999999999997,0.6726298002733712
-103.5,31.729999999999997,0.6305828463220603
-103.49,31.729999999999997,0.5878548441149537
-103.48,31.729999999999997,0.5802554147363292
-103.47,31.729999999999997,0.5940976790159086
-103.46,31.729999999999997,0.5895917571726469
-103.45,31.729999999999997,0.5479137267348055
-103.44,31.729999999999997,0.49060169546379984
-103.43,31.729999999999997,0.4371185582635875
-103.42,31.729999999999997,0.4158155814935389
-103.41,31.729999999999997,0.41272133824304424
-104.0,31.74,
-103.99,31.74,0.8933010373600607
-103.98,31.74,0.8861119969591955
-103.97,31.74,0.8798727551653556
-103.96,31.74,0.8751136841728121
-103.95,31.74,0.8713659624029982
-103.94,31.74,0.8688511464631002
-103.93,31.74,0.8667107064299528
-103.92,31.74,0.8643929411015843
-103.91,31.74,0.8611019737636622
-103.9,31.74,0.8554823853059412
-103.89,31.74,0.8476992509585023
-103.88,31.74,0.8361765670528345
-103.87,31.74,0.8215251004892468
-103.86,31.74,0.8056873584153567
-103.85,31.74,0.7918563867245755
-103.84,31.74,0.7823677139695853
-103.83,31.74,0.7750021642163172
-103.82,31.74,0.7636661146914969
-103.81,31.74,0.7444270911759809
-103.8,31.74,0.7220130677190427
-103.79,31.74,0.7151875799395291
-103.78,31.74,0.7343840050790703
-103.77,31.74,0.7686961815752935
-103.76,31.74,0.7996361658440578
-103.75,31.74,0.8135999744539202
-103.74,31.74,0.8101696996564061
-103.73,31.74,0.7909821675532424
-103.72,31.74,0.7615310032750361
-103.71,31.74,0.7283000089440977
-103.7,31.74,0.7018278321442243
-103.69,31.74,0.6847642666926428
-103.68,31.74,0.6754948691888578
-103.67,31.74,0.667936809147828
-103.66,31.74,0.6567443015366796
-103.65,31.74,0.6447955632286769
-103.64,31.74,0.6326643070945276
-103.63,31.74,0.6176232782858101
-103.62,31.74,0.6047834572328971
-103.61,31.74,0.6043448943757974
-103.6,31.74,0.6285008237699116
-103.59,31.74,0.6722989519760859
-103.58,31.74,0.7099583939399544
-103.57,31.74,0.7269760577680888
-103.56,31.74,0.7116148272214655
-103.55,31.74,0.6759756562486601
-103.54,31.74,0.6447148568751335
-103.53,31.74,0.6361992095242892
-103.52,31.74,0.6428446290321267
-103.51,31.74,0.6266065022598271
-103.5,31.74,0.5938223824157741
-103.49,31.74,0.5826132976938844
-103.48,31.74,0.6051419869272971
-103.47,31.74,0.6388153031746655
-103.46,31.74,0.6360989948211777
-103.45,31.74,0.5822097591003385
-103.44,31.74,0.5060189324109109
-103.43,31.74,0.4332302910899337
-103.42,31.74,0.41395220266908006
-103.41,31.74,0.41483731039047145
-104.0,31.75,
-103.99,31.75,0.9081916848810114
-103.98,31.75,0.9019478296668517
-103.97,31.75,0.8965352970403818
-103.96,31.75,0.8920233078596793
-103.95,31.75,0.8883979919018709
-103.94,31.75,0.8854773218687926
-103.93,31.75,0.8827445262375038
-103.92,31.75,0.8795397508201771
-103.91,31.75,0.874903962023098
-103.9,31.75,0.8675674063692722
-103.89,31.75,0.8561829169144631
-103.88,31.75,0.8398994995496297
-103.87,31.75,0.8205198539147036
-103.86,31.75,0.8020861782786888
-103.85,31.75,0.7900460180467095
-103.84,31.75,0.7869702707666912
-103.83,31.75,0.7867071393493623
-103.82,31.75,0.7777353586092691
-103.81,31.75,0.7592208136506491
-103.8,31.75,0.7334731408663285
-103.79,31.75,0.7244185031499325
-103.78,31.75,0.7376002347569445
-103.77,31.75,0.7755992798709069
-103.76,31.75,0.8120552795893262
-103.75,31.75,0.837253218389139
-103.74,31.75,0.8390196820020199
-103.73,31.75,0.8302824633322199
-103.72,31.75,0.8076363360948732
-103.71,31.75,0.7815256854041954
-103.7,31.75,0.7605410272884823
-103.69,31.75,0.7455935933012331
-103.68,31.75,0.7327075587048183
-103.67,31.75,0.71461894985405
-103.66,31.75,0.6931216007061698
-103.65,31.75,0.6668231380345319
-103.64,31.75,0.6442134455895855
-103.63,31.75,0.6261600821683833
-103.62,31.75,0.6141493167623899
-103.61,31.75,0.6067047032695592
-103.6,31.75,0.6151230117179312
-103.59,31.75,0.6436328102115318
-103.58,31.75,0.6872906630056987
-103.57,31.75,0.715058864386737
-103.56,31.75,0.7115792472036299
-103.55,31.75,0.6813614293131844
-103.54,31.75,0.6383840661133994
-103.53,31.75,0.6026605811771448
-103.52,31.75,0.583695777140005
-103.51,31.75,0.5587404428143182
-103.5,31.75,0.535960098355168
-103.49,31.75,0.5492968188877727
-103.48,31.75,0.5932078566898932
-103.47,31.75,0.6318266042891967
-103.46,31.75,0.6274979985830491
-103.45,31.75,0.5712466875261788
-103.44,31.75,0.4941494357896894
-103.43,31.75,0.4294703633790575
-103.42,31.75,0.42352334986719603
-103.41,31.75,0.4311596417963971
-104.0,31.759999999999998,
-103.99,31.759999999999998,0.9224329995959155
-103.98,31.759999999999998,0.9165992675610138
-103.97,31.759999999999998,0.911568673986695
-103.96,31.759999999999998,0.9068559745326529
-103.95,31.759999999999998,0.9029994866582015
-103.94,31.759999999999998,0.8995470439707928
-103.93,31.759999999999998,0.8960610077789396
-103.92,31.759999999999998,0.8922852852594025
-103.91,31.759999999999998,0.8860165597096119
-103.9,31.759999999999998,0.8765494329656967
-103.89,31.759999999999998,0.860958363504193
-103.88,31.759999999999998,0.8388632431707749
-103.87,31.759999999999998,0.8126483321612803
-103.86,31.759999999999998,0.7884647309204637
-103.85,31.759999999999998,0.7758894392024006
-103.84,31.759999999999998,0.7771512482430295
-103.83,31.759999999999998,0.782792526490137
-103.82,31.759999999999998,0.7813789910488246
-103.81,31.759999999999998,0.7672548935245007
-103.8,31.759999999999998,0.744945739333404
-103.79,31.759999999999998,0.7318108563826611
-103.78,31.759999999999998,0.7432609461367995
-103.77,31.759999999999998,0.7771890396105026
-103.76,31.759999999999998,0.81546387049503
-103.75,31.759999999999998,0.8451819534804914
-103.74,31.759999999999998,0.8592922365185715
-103.73,31.759999999999998,0.8582160010157898
-103.72,31.759999999999998,0.8487241750915264
-103.71,31.759999999999998,0.8349033657229423
-103.7,31.759999999999998,0.8217756012518992
-103.69,31.759999999999998,0.8097241107156996
-103.68,31.759999999999998,0.7940892305135738
-103.67,31.759999999999998,0.7704513577860734
-103.66,31.759999999999998,0.7367568860574903
-103.65,31.759999999999998,0.6972584316101823
-103.64,31.759999999999998,0.6606268159852047
-103.63,31.759999999999998,0.6343939829095057
-103.62,31.759999999999998,0.6204913240849783
-103.61,31.759999999999998,0.6121476420202185
-103.6,31.759999999999998,0.6184837382576202
-103.59,31.759999999999998,0.6455144252843039
-103.58,31.759999999999998,0.683551099978788
-103.57,31.759999999999998,0.7105054986279657
-103.56,31.759999999999998,0.7061597748248175
-103.55,31.759999999999998,0.6747353626582409
-103.54,31.759999999999998,0.6207051516403284
-103.53,31.759999999999998,0.5700113347453222
-103.52,31.759999999999998,0.5321163935608946
-103.51,31.759999999999998,0.5023324897816834
-103.5,31.759999999999998,0.4833865307489141
-103.49,31.759999999999998,0.5016768788834987
-103.48,31.759999999999998,0.5405773041169806
-103.47,31.759999999999998,0.571656348013602
-103.46,31.759999999999998,0.5668480701093215
-103.45,31.759999999999998,0.5197877363989888
-103.44,31.759999999999998,0.4711902464797374
-103.43,31.759999999999998,0.4392078162327387
-103.42,31.759999999999998,0.44555312489299215
-103.41,31.759999999999998,0.4541959272655499
-104.0,31.77,
-103.99,31.77,0.9355465287521971
-103.98,31.77,0.9300522248855162
-103.97,31.77,0.9247120015749983
-103.96,31.77,0.9197452936932033
-103.95,31.77,0.9151781489281462
-103.94,31.77,0.910987064775641
-103.93,31.77,0.9066555228284852
-103.92,31.77,0.9014369477934052
-103.91,31.77,0.8941965417192052
-103.9,31.77,0.8822852132137694
-103.89,31.77,0.863257523876468
-103.88,31.77,0.8360133093990427
-103.87,31.77,0.802365215408752
-103.86,31.77,0.7713804540061705
-103.85,31.77,0.7528624999011131
-103.84,31.77,0.7529660397787433
-103.83,31.77,0.7628307745586891
-103.82,31.77,0.7692246370195982
-103.81,31.77,0.7628143602158259
-103.8,31.77,0.7447925550812652
-103.79,31.77,0.7313970688364572
-103.78,31.77,0.7359205605840615
-103.77,31.77,0.7614486118749093
-103.76,31.77,0.7996765935761461
-103.75,31.77,0.8320756622579946
-103.74,31.77,0.8555336865487598
-103.73,31.77,0.8690586420374059
-103.72,31.77,0.8724239070172664
-103.71,31.77,0.8742109767027042
-103.7,31.77,0.8717600696481592
-103.69,31.77,0.8644822926966618
-103.68,31.77,0.8513191038137189
-103.67,31.77,0.8239204872770147
-103.66,31.77,0.7854757123451044
-103.65,31.77,0.7365149120117458
-103.64,31.77,0.6874042498176146
-103.63,31.77,0.6462729390555306
-103.62,31.77,0.6255287664275521
-103.61,31.77,0.6212995190783338
-103.6,31.77,0.6397007187982003
-103.59,31.77,0.6702172123814305
-103.58,31.77,0.6981477275049428
-103.57,31.77,0.7063709493923285
-103.56,31.77,0.6850220852831966
-103.55,31.77,0.6380181656644961
-103.54,31.77,0.575667635780177
-103.53,31.77,0.5251742119745473
-103.52,31.77,0.49313796926718023
-103.51,31.77,0.47309741220286833
-103.5,31.77,0.4592891379655582
-103.49,31.77,0.46214538498343144
-103.48,31.77,0.47650195868617595
-103.47,31.77,0.48805064962835587
-103.46,31.77,0.4870082359731124
-103.45,31.77,0.4687520319351549
-103.44,31.77,0.4588586259148464
-103.43,31.77,0.4568485964034187
-103.42,31.77,0.4676028850492314
-103.41,31.77,0.47077401536194663
-104.0,31.779999999999998,
-103.99,31.779999999999998,0.9473231894884098
-103.98,31.779999999999998,0.9415212520823357
-103.97,31.779999999999998,0.9358339446187149
-103.96,31.779999999999998,0.9299327483066631
-103.95,31.779999999999998,0.9242159611304125
-103.94,31.779999999999998,0.9187708280168823
-103.93,31.779999999999998,0.9129208311005577
-103.92,31.779999999999998,0.9067449096594102
-103.91,31.779999999999998,0.8976228478946346
-103.9,31.779999999999998,0.8837792729902948
-103.89,31.779999999999998,0.8628775130083366
-103.88,31.779999999999998,0.8324804631732952
-103.87,31.779999999999998,0.7954081156562711
-103.86,31.779999999999998,0.7589740072242293
-103.85,31.779999999999998,0.7333264556561532
-103.84,31.779999999999998,0.728321937348951
-103.83,31.779999999999998,0.7391299343756457
-103.82,31.779999999999998,0.7505435752662195
-103.81,31.779999999999998,0.7500966206967898
-103.8,31.779999999999998,0.7356863178319305
-103.79,31.779999999999998,0.7178311680815613
-103.78,31.779999999999998,0.7145239463821847
-103.77,31.779999999999998,0.7341373383621435
-103.76,31.779999999999998,0.7698451567094887
-103.75,31.779999999999998,0.8076670557893932
-103.74,31.779999999999998,0.840088205571739
-103.73,31.779999999999998,0.8648532137123391
-103.72,31.779999999999998,0.8841194947472693
-103.71,31.779999999999998,0.8998032032856795
-103.7,31.779999999999998,0.909534134353548
-103.69,31.779999999999998,0.9098400799807673
-103.68,31.779999999999998,0.8983344762314656
-103.67,31.779999999999998,0.873577371884912
-103.66,31.779999999999998,0.8329366635701185
-103.65,31.779999999999998,0.7789353881668988
-103.64,31.779999999999998,0.7191073659402045
-103.63,31.779999999999998,0.6645174799865725
-103.62,31.779999999999998,0.6316000562293284
-103.61,31.779999999999998,0.6339101704077761
-103.6,31.779999999999998,0.6623008333262557
-103.59,31.779999999999998,0.6965463818438714
-103.58,31.779999999999998,0.7137940859422945
-103.57,31.779999999999998,0.7003831897828661
-103.56,31.779999999999998,0.656264442330283
-103.55,31.779999999999998,0.5919778435799441
-103.54,31.779999999999998,0.5249553073840428
-103.53,31.779999999999998,0.47830706789373467
-103.52,31.779999999999998,0.45519184812692165
-103.51,31.779999999999998,0.4463206783019626
-103.5,31.779999999999998,0.4467746651305317
-103.49,31.779999999999998,0.44788063925557714
-103.48,31.779999999999998,0.4465665257309313
-103.47,31.779999999999998,0.4504366115321039
-103.46,31.779999999999998,0.4482120642143669
-103.45,31.779999999999998,0.4513554365310805
-103.44,31.779999999999998,0.4615021858770147
-103.43,31.779999999999998,0.4741309330578115
-103.42,31.779999999999998,0.481728088231524
-103.41,31.779999999999998,0.4785284260477481
-104.0,31.79,
-103.99,31.79,0.9577443509803695
-103.98,31.79,0.9516594752388962
-103.97,31.79,0.9449195123391176
-103.96,31.79,0.9378332207501379
-103.95,31.79,0.9306694551645525
-103.94,31.79,0.9234812109921287
-103.93,31.79,0.9160078715914077
-103.92,31.79,0.9077196176493287
-103.91,31.79,0.897489229878115
-103.9,31.79,0.8829678700482231
-103.89,31.79,0.8614169692603356
-103.88,31.79,0.8323531055729715
-103.87,31.79,0.7962418715239568
-103.86,31.79,0.7584399121029493
-103.85,31.79,0.728426685217282
-103.84,31.79,0.7144199192608351
-103.83,31.79,0.7214168476011383
-103.82,31.79,0.7324980187514781
-103.81,31.79,0.7357240486339041
-103.8,31.79,0.722351051047737
-103.79,31.79,0.7031408126193277
-103.78,31.79,0.6945235910431973
-103.77,31.79,0.7102168641546724
-103.76,31.79,0.740780106885109
-103.75,31.79,0.779458252935607
-103.74,31.79,0.8164790075395125
-103.73,31.79,0.851653578813274
-103.72,31.79,0.8831774802732971
-103.71,31.79,0.912686757607746
-103.7,31.79,0.9333865428413716
-103.69,31.79,0.9397195123168642
-103.68,31.79,0.9345858126592873
-103.67,31.79,0.9098468351370507
-103.66,31.79,0.8701576974808773
-103.65,31.79,0.8164474204736683
-103.64,31.79,0.7492591892338647
-103.63,31.79,0.6838641835354745
-103.62,31.79,0.6414229223135864
-103.61,31.79,0.6375932182179198
-103.6,31.79,0.661908970603643
-103.59,31.79,0.6859959057081588
-103.58,31.79,0.6951605544076552
-103.57,31.79,0.6723510742473746
-103.56,31.79,0.6312667662820671
-103.55,31.79,0.5748250420871663
-103.54,31.79,0.5312113406009061
-103.53,31.79,0.4938436918779173
-103.52,31.79,0.4688921051368696
-103.51,31.79,0.4539008371950766
-103.5,31.79,0.4554322040458194
-103.49,31.79,0.4634458463957207
-103.48,31.79,0.47005998730294907
-103.47,31.79,0.4720722251289343
-103.46,31.79,0.46209655930741583
-103.45,31.79,0.46399774663319776
-103.44,31.79,0.4727541237363542
-103.43,31.79,0.48665677221267856
-103.42,31.79,0.4913670206490491
-103.41,31.79,0.4821474087884603
-104.0,31.799999999999997,
-103.99,31.799999999999997,
-103.98,31.799999999999997,
-103.97,31.799999999999997,
-103.96,31.799999999999997,
-103.95,31.799999999999997,
-103.94,31.799999999999997,
-103.93,31.799999999999997,
-103.92,31.799999999999997,
-103.91,31.799999999999997,
-103.9,31.799999999999997,
-103.89,31.799999999999997,
-103.88,31.799999999999997,
-103.87,31.799999999999997,
-103.86,31.799999999999997,
-103.85,31.799999999999997,
-103.84,31.799999999999997,
-103.83,31.799999999999997,
-103.82,31.799999999999997,
-103.81,31.799999999999997,
-103.8,31.799999999999997,
-103.79,31.799999999999997,
-103.78,31.799999999999997,
-103.77,31.799999999999997,
-103.76,31.799999999999997,
-103.75,31.799999999999997,
-103.74,31.799999999999997,
-103.73,31.799999999999997,
-103.72,31.799999999999997,
-103.71,31.799999999999997,
-103.7,31.799999999999997,
-103.69,31.799999999999997,
-103.68,31.799999999999997,
-103.67,31.799999999999997,
-103.66,31.799999999999997,
-103.65,31.799999999999997,
-103.64,31.799999999999997,
-103.63,31.799999999999997,
-103.62,31.799999999999997,
-103.61,31.799999999999997,
-103.6,31.799999999999997,
-103.59,31.799999999999997,
-103.58,31.799999999999997,
-103.57,31.799999999999997,
-103.56,31.799999999999997,
-103.55,31.799999999999997,
-103.54,31.799999999999997,
-103.53,31.799999999999997,
-103.52,31.799999999999997,
-103.51,31.799999999999997,
-103.5,31.799999999999997,
-103.49,31.799999999999997,
-103.48,31.799999999999997,
-103.47,31.799999999999997,
-103.46,31.799999999999997,
-103.45,31.799999999999997,
-103.44,31.799999999999997,
-103.43,31.799999999999997,
-103.42,31.799999999999997,
-103.41,31.799999999999997,
